;mutant;function_score
0;S1631G;0,305708317
1;S1631C;0,133622447
2;S1631N;-0,610018672
3;S1631T;-0,895747939
4;S1631I;-1,180831843
5;S1631S;0,325442005
6;S1631R;0,154709038
7;S1631R;0,154709038
8;V1632M;-0,439777683
9;V1632L;-0,794290561
10;V1632L;-0,794290561
11;V1632A;-0,016459957
12;V1632G;-0,55426026
13;V1632E;0,185324553
14;V1632V;-0,190829216
15;S1633C;1,094138314
16;S1633R;-1,070400098
17;S1633G;-0,25265094
18;S1633N;-0,122721153
19;S1633T;-0,412856231
20;S1633I;0,050632554
21;S1633S;-0,498563473
22;S1633R;-1,070400098
23;S1633R;-1,070400098
24;R1634R;-0,480590719
25;R1634G;0,519292947
26;R1634K;0,268767599
27;R1634T;0,702940696
28;R1634S;1,306892088
29;R1634S;1,306892088
30;E1635Q;-0,312102905
31;E1635K;0,218818423
32;E1635G;-0,096754391
33;E1635V;-0,11312094
34;E1635A;-0,165063122
35;E1635D;-0,524113645
36;E1635D;-0,524113645
37;E1635E;-0,043418238
38;K1636E;0,646739008
39;K1636Q;0,416121154
40;K1636R;0,016185996
41;K1636T;0,011965819
42;K1636M;-0,077995721
43;K1636N;0,07298451
44;K1636N;0,07298451
45;K1636K;0,106967524
46;P1637T;-0,65991885
47;P1637S;0,377990217
48;P1637A;0,271299863
49;P1637L;-0,417492856
50;P1637Q;-0,286928235
51;P1637R;-0,061755841
52;P1637P;-0,152262741
53;E1638Q;0,209717916
54;E1638K;-0,425459444
55;E1638G;-0,191476377
56;E1638V;-0,276578724
57;E1638A;0,112986175
58;E1638D;-0,211556713
59;E1638D;-0,211556713
60;E1638E;-0,081573029
61;L1639L;0,01698693
62;L1639V;0,985678872
63;L1639M;-0,129775074
64;L1639W;-0,156545823
65;L1639S;0,396995548
66;L1639F;0,593827847
67;L1639F;0,593827847
68;T1640P;0,331681383
69;T1640A;-0,239408828
70;T1640S;-0,125729669
71;T1640I;-0,021898697
72;T1640K;0,036828949
73;T1640R;-0,113288212
74;T1640T;-0,162698945
75;A1641T;0,375689478
76;A1641P;-0,287473571
77;A1641S;-0,927134134
78;A1641V;0,362735801
79;A1641D;0,441891175
80;A1641G;-0,288384856
81;A1641A;-0,392923339
82;S1642T;0,432342353
83;S1642A;-0,048817492
84;S1642P;0,46069813
85;S1642L;0,056911605
86;S1642S;0,014261898
87;T1643S;0,322239809
88;T1643A;0,124293669
89;T1643P;-0,075218103
90;T1643K;-0,159561512
91;T1643R;-0,226536685
92;T1643I;-0,174565421
93;T1643T;-0,033083135
94;E1644K;-0,195403393
95;E1644Q;0,288594316
96;E1644A;-0,128459395
97;E1644V;-0,070783936
98;E1644G;0,019628499
99;E1644E;-0,157215427
100;E1644D;0,490304116
101;E1644D;0,490304116
102;R1645R;0,157242197
103;R1645W;-0,027223932
104;R1645G;0,292396293
105;R1645T;0,134062079
106;R1645K;-0,056075172
107;R1645M;-0,777459733
108;R1645S;0,418234042
109;R1645S;0,418234042
110;V1646L;-0,233034711
111;V1646F;-0,455977913
112;V1646I;-0,283400558
113;V1646A;0,052774638
114;V1646D;0,013159575
115;V1646G;0,512206875
116;V1646V;-1,167921747
117;N1647H;0,062515946
118;N1647D;-0,095048221
119;N1647Y;0,269235813
120;N1647T;0,107487391
121;N1647I;0,081979622
122;N1647S;0,318003895
123;N1647K;-0,114103274
124;N1647K;-0,114103274
125;N1647N;-0,140631948
126;K1648E;0,362390956
127;K1648Q;-0,24992858
128;K1648I;0,168571556
129;K1648R;0,004237739
130;K1648T;-0,049865482
131;K1648K;0,060832229
132;K1648N;0,111407047
133;K1648N;0,111407047
134;R1649G;0,522231651
135;R1649R;0,22283343
136;R1649T;-0,214181107
137;R1649K;0,075178455
138;R1649I;0,139303583
139;R1649S;-0,142793622
140;R1649S;-0,142793622
141;M1650V;0,758384538
142;M1650L;-0,117122551
143;M1650L;-0,117122551
144;M1650K;0,081676731
145;M1650T;0,210380627
146;M1650R;0,292724427
147;M1650I;0,093430762
148;M1650I;0,093430762
149;M1650I;0,093430762
150;S1651A;0,343579958
151;S1651T;-0,284494787
152;S1651P;-1,478648707
153;S1651Y;-0,322341632
154;S1651F;-0,631796914
155;S1651C;-0,293665511
156;S1651S;-0,109938021
157;M1652L;0,321293604
158;M1652V;0,100098058
159;M1652L;0,321293604
160;M1652R;-1,890501274
161;M1652K;-1,532355463
162;M1652T;-0,353085227
163;M1652I;0,143488826
164;M1652I;0,143488826
165;M1652I;0,143488826
166;V1653L;-1,797284256
167;V1653L;-1,797284256
168;V1653G;-0,263024274
169;V1653A;0,171399878
170;V1653E;-1,503697722
171;V1653V;-0,06240675
172;V1654L;-0,169476903
173;V1654L;-0,169476903
174;V1654M;0,06610235
175;V1654G;-0,188828198
176;V1654A;0,169871102
177;V1654E;-1,067963986
178;V1654V;0,387263539
179;S1655T;-0,6662035
180;S1655P;-1,782506156
181;S1655A;-1,135430433
182;S1655Y;-2,497888893
183;S1655C;-1,539666922
184;S1655F;-1,555696871
185;S1655S;0,562214701
186;G1656R;0,135780354
187;G1656C;-0,111774196
188;G1656S;-0,499145945
189;G1656V;-0,66980237
190;G1656A;0,24231314
191;G1656D;-0,53894391
192;G1656G;0,051757638
193;L1657L;0,231371428
194;L1657V;0,32869041
195;L1657M;0,099945891
196;L1657R;-1,646806019
197;L1657P;-1,526102897
198;L1657Q;-1,758251275
199;T1658A;0,257015715
200;T1658S;0,483314353
201;P1659T;0,629009943
202;P1659S;0,352563322
203;P1659A;0,28409581
204;P1659Q;0,512326669
205;P1659L;0,231939078
206;P1659R;0,133281467
207;P1659P;0,614131255
208;E1660Q;0,168336539
209;E1660K;-0,63049767
210;E1660V;0,018955528
211;E1660G;0,184538892
212;E1660A;0,134577314
213;E1660D;-0,110672755
214;E1660E;0,391456802
215;E1660D;-0,110672755
216;E1661Q;-0,16863073
217;E1661K;-0,311873629
218;E1661A;-0,581455444
219;E1661V;-0,584913205
220;E1661G;-0,797023236
221;E1661D;0,333820624
222;E1661E;0,215907077
223;E1661D;0,333820624
224;F1662L;-0,650154024
225;F1662I;0,260322651
226;F1662V;-0,057700023
227;F1662S;-0,254857538
228;F1662Y;0,05287222
229;F1662C;0,748164167
230;F1662L;-0,650154024
231;F1662L;-0,650154024
232;M1663V;-0,015246602
233;M1663L;-1,062924694
234;M1663L;-1,062924694
235;M1663T;-0,808826694
236;M1663R;-1,935119217
237;M1663K;-2,052323801
238;M1663I;-0,052540097
239;M1663I;-0,052540097
240;M1663I;-0,052540097
241;L1664I;-0,327476217
242;L1664F;0,047215136
243;L1664V;-0,447092426
244;L1664P;-0,010177224
245;L1664H;0,034633749
246;L1664R;-0,521993648
247;L1664L;-0,589911585
248;V1665L;-0,908947433
249;V1665M;0,024768716
250;V1665L;-0,908947433
251;V1665G;-0,53527218
252;V1665A;0,012045065
253;V1665E;-1,72003405
254;V1665V;-0,469611216
255;Y1666D;0,028524331
256;Y1666N;0,042238143
257;Y1666H;0,733635002
258;Y1666F;-0,04103853
259;Y1666C;0,083456764
260;Y1666S;-0,151134009
261;Y1666Y;-0,913013371
262;K1667Q;0,14119934
263;K1667E;0,270624841
264;K1667R;-0,714818329
265;K1667T;-0,460669232
266;K1667M;0,13266039
267;K1667K;-0,33436891
268;K1667N;-0,975486241
269;K1667N;-0,975486241
270;F1668L;-1,489862751
271;F1668V;-0,663486749
272;F1668I;-0,17881636
273;F1668C;-0,325029892
274;F1668S;-1,760687133
275;F1668Y;-0,04805012
276;F1668L;-1,489862751
277;F1668F;0,069694623
278;F1668L;-1,489862751
279;A1669T;0,033971254
280;A1669S;-0,401850537
281;A1669P;-1,803284855
282;A1669G;-0,336644052
283;A1669D;-1,013676469
284;A1669A;-0,534618625
285;R1670G;0,217765799
286;R1670R;0,009830196
287;R1670K;-1,552697925
288;R1670I;-0,458163454
289;R1670T;-0,983168111
290;R1670S;-0,080312089
291;R1670S;-0,080312089
292;K1671Q;0,242271091
293;K1671E;0,091841339
294;K1671I;0,206516491
295;K1671T;0,443511598
296;K1671R;0,298685821
297;K1671N;0,244102202
298;K1671K;0,146243868
299;K1671N;0,244102202
300;H1672D;-0,83316235
301;H1672N;0,037593239
302;H1672Y;-0,083477624
303;H1672L;0,664878571
304;H1672R;0,504252734
305;H1672P;-1,602622252
306;H1672Q;0,099226351
307;H1672Q;0,099226351
308;H1672H;-0,135022674
309;H1673D;-0,132855873
310;H1673Y;0,205780716
311;H1673N;-0,131497557
312;H1673P;-0,073804345
313;H1673R;0,066415102
314;H1673L;0,660457446
315;H1673Q;0,038896316
316;H1673H;-0,199790682
317;H1673Q;0,038896316
318;I1674V;0,262136308
319;I1674L;0,384051777
320;I1674T;0,028325171
321;T1675A;0,227925244
322;T1675S;0,209150702
323;T1675P;0,339670951
324;T1675N;0,062514159
325;T1675I;0,036029592
326;L1676L;0,325572429
327;L1676I;0,058302853
328;L1676V;0,20710201
329;L1676F;0,296732225
330;L1676F;0,296732225
331;T1677S;0,290125053
332;T1677P;-0,682736497
333;T1677A;-0,398041548
334;T1677N;-0,203384271
335;T1677S;0,290125053
336;T1677I;-1,013694589
337;T1677T;0,311463584
338;N1678D;0,519645257
339;N1678H;-0,163272826
340;N1678Y;-0,079988029
341;N1678I;-0,693611146
342;N1678T;0,268235298
343;N1678S;0,202968897
344;N1678K;-0,171434971
345;N1678K;-0,171434971
346;N1678N;0,600870101
347;L1679I;-0,055039057
348;L1679V;0,370339923
349;L1679L;0,107071088
350;L1679P;0,117379359
351;L1679R;0,254610926
352;L1679Q;0,252101032
353;I1680L;0,461382067
354;I1680V;0,15805763
355;I1680F;-0,100445938
356;I1680T;0,179818283
357;I1680N;-0,243164421
358;I1680S;-0,272118588
359;I1680I;0,262290962
360;I1680M;0,073122806
361;T1681P;-2,066143297
362;T1681A;0,409708739
363;T1681S;-0,671511512
364;T1681N;-0,463855564
365;T1681I;-0,786038538
366;T1681S;-0,671511512
367;T1681T;0,299271157
368;E1682K;-1,797376573
369;E1682Q;-0,978868465
370;E1682G;0,368825081
371;E1682A;-0,44902225
372;E1682V;-1,939631143
373;E1682E;0,360497456
374;E1682D;-0,861915543
375;E1682D;-0,861915543
376;E1683K;-1,990752034
377;E1683Q;-2,02639001
378;E1683V;-1,331793395
379;E1683A;0,03721526
380;E1683G;-1,097150527
381;E1683D;-0,162661634
382;E1683D;-0,162661634
383;E1683E;-0,326100814
384;T1684A;-0,652545724
385;T1684P;-1,468392392
386;T1684S;-1,305008719
387;T1684S;-1,305008719
388;T1684I;-1,973014698
389;T1684N;-1,250973785
390;T1684T;0,196626441
391;T1685A;-1,840668217
392;T1685P;-1,557880918
393;T1685S;-1,950882177
394;T1685S;-1,950882177
395;T1685N;-1,827168684
396;T1685I;-1,991576216
397;T1685T;0,087826153
398;H1686N;-2,394087682
399;H1686D;-1,652875247
400;H1686Y;-1,527259899
401;H1686L;-1,556607261
402;H1686P;-1,965556698
403;H1686R;-1,336637073
404;H1686Q;-1,585423786
405;H1686H;0,785939376
406;H1686Q;-1,585423786
407;V1687I;-0,264841013
408;V1687L;-0,06950574
409;V1687F;-2,069983286
410;V1687G;-2,334281881
411;V1687A;-0,491271357
412;V1687D;-1,815000555
413;V1687V;-0,099422242
414;V1688F;-1,873899169
415;V1688I;0,04877562
416;V1688L;-0,416440551
417;V1688G;-2,295249234
418;V1688A;-0,322963559
419;V1688D;-1,572097205
420;V1688V;-0,022064465
421;M1689L;-0,031839984
422;M1689V;0,561540404
423;M1689L;-0,031839984
424;M1689R;-2,077420101
425;M1689K;-1,813109474
426;M1689T;0,042316509
427;M1689I;-0,095807981
428;M1689I;-0,095807981
429;M1689I;-0,095807981
430;K1690E;-0,629180785
431;K1690Q;-0,112956322
432;K1690I;-1,155802213
433;K1690T;-1,319579032
434;K1690R;0,130445951
435;K1690N;-0,066343939
436;K1690K;0,123067756
437;K1690N;-0,066343939
438;T1691P;-1,739817183
439;T1691S;0,042523875
440;T1691A;-1,196233684
441;T1691K;-1,854934485
442;T1691R;-2,049631434
443;T1691I;-1,39646249
444;D1692N;-1,864842698
445;D1692Y;-1,268931136
446;D1692H;-1,578508318
447;D1692G;-1,111542387
448;D1692A;-2,080882447
449;D1692V;-1,685672501
450;D1692E;-2,147332662
451;D1692E;-2,147332662
452;A1693T;-0,444567907
453;A1693P;-0,192657401
454;A1693S;-1,474986098
455;A1693V;-1,67152473
456;A1693D;-1,539991098
457;A1693G;-1,021959091
458;A1693A;-0,31071428
459;E1694Q;-0,604248156
460;E1694K;-1,755455826
461;E1694A;0,143761629
462;E1694V;-0,026402047
463;E1694G;-0,045889999
464;E1694D;-0,187649735
465;E1694D;-0,187649735
466;E1694E;-0,062635243
467;F1695V;-1,801945905
468;F1695L;0,227802227
469;F1695I;-1,02976164
470;F1695C;-0,022411919
471;F1695S;0,133192503
472;F1695Y;0,019043708
473;F1695L;0,227802227
474;F1695L;0,227802227
475;F1695F;0,003715954
476;V1696M;-0,298896816
477;V1696L;-0,945259125
478;V1696L;-0,945259125
479;V1696A;0,036802542
480;V1696E;-1,622381352
481;V1696G;-1,329956442
482;V1696V;-0,013644202
483;C1697S;-0,012695218
484;C1697G;-0,304249046
485;C1697R;-2,149392198
486;C1697S;-0,012695218
487;C1697Y;-2,057780426
488;C1697F;-2,396256782
489;C1697W;-2,250071798
490;C1697C;-0,261558305
491;E1698Q;-0,043776366
492;E1698K;-0,063261272
493;E1698V;-0,044283732
494;E1698G;-0,138484129
495;E1698A;-0,059287838
496;E1698D;0,109190006
497;E1698E;-0,045405061
498;E1698D;0,109190006
499;R1699G;-2,210161588
500;R1699P;-1,548522539
501;R1699L;-1,555941912
502;T1700A;-2,022891397
503;T1700P;-2,279978858
504;T1700R;-1,704946387
505;T1700I;-2,49174636
506;T1700K;-2,075217324
507;T1700T;0,227242569
508;L1701M;0,183322291
509;L1701L;-0,194211765
510;L1701V;-0,118243586
511;L1701R;-0,466710466
512;L1701Q;-0,143577597
513;L1701P;-1,300430591
514;K1702E;-2,020249694
515;K1702Q;-2,278785445
516;K1702I;-2,017579191
517;K1702T;-1,581271126
518;K1702R;-1,741090006
519;K1702N;-1,975027265
520;K1702K;0,472194553
521;K1702N;-1,975027265
522;Y1703N;-2,212963851
523;Y1703D;-2,34851835
524;Y1703H;-1,701735098
525;Y1703F;-0,181696427
526;Y1703S;-2,065719894
527;Y1703C;-1,820256454
528;Y1703Y;0,240886342
529;F1704V;-2,147007982
530;F1704L;-1,780220727
531;F1704I;-1,454947523
532;F1704S;-2,110953716
533;F1704C;-1,70622233
534;F1704Y;-2,123416074
535;F1704L;-1,780220727
536;F1704L;-1,780220727
537;F1704F;0,19467292
538;L1705I;-0,134881303
539;L1705V;-0,147693793
540;L1705L;0,081509525
541;L1705P;-2,154313061
542;L1705Q;-0,190565784
543;L1705R;-1,174174853
544;G1706R;-2,379797633
545;G1706R;-2,379797633
546;G1706A;-0,05142991
547;G1706E;-2,452989818
548;G1706V;-2,322979207
549;G1706G;-0,07323958
550;I1707F;-2,348219461
551;I1707V;0,066909656
552;I1707L;0,078022189
553;I1707N;-0,689444676
554;I1707T;-0,143325095
555;I1707S;-2,295094451
556;I1707I;0,055706356
557;I1707M;-0,275064271
558;A1708S;-0,514801322
559;A1708P;-2,263130748
560;A1708T;-1,359454021
561;A1708E;-2,008257997
562;A1708V;-0,222956413
563;A1708G;-2,228883533
564;A1708A;0,077236295
565;G1709R;-0,09621458
566;G1709R;-0,09621458
567;G1709A;0,116068252
568;G1709V;-1,382600556
569;G1709E;-0,558665498
570;G1709G;-0,530335656
571;G1710R;-0,014297121
572;G1710R;-0,014297121
573;G1710V;-0,414221853
574;G1710A;-0,110930986
575;G1710E;-0,351688542
576;G1710G;-0,703694397
577;K1711Q;-0,005831092
578;K1711E;-1,825111171
579;K1711R;0,146135531
580;K1711T;-0,008693213
581;K1711I;-0,08417018
582;K1711K;0,018177345
583;K1711N;0,111147332
584;K1711N;0,111147332
585;W1712R;-0,237008767
586;W1712R;-0,237008767
587;W1712G;-2,136250219
588;W1712S;-0,35451998
589;W1712L;-0,333901531
590;W1712C;-0,000406721
591;W1712C;-0,000406721
592;V1713L;0,210837512
593;V1713L;0,210837512
594;V1713I;0,228950411
595;V1713A;-1,755476485
596;V1713G;-1,88795031
597;V1713E;-2,183787865
598;V1713V;-0,080041699
599;V1714I;-0,438877129
600;V1714L;-0,011433771
601;V1714F;-1,854755315
602;V1714D;-2,074995063
603;V1714A;-1,299338853
604;V1714G;-2,079409178
605;V1714V;0,194252887
606;S1715C;-1,698659427
607;S1715R;-1,871063083
608;S1715G;-0,894501575
609;S1715N;-2,294657307
610;S1715I;-2,023040734
611;S1715T;-0,543038028
612;S1715S;-0,450533086
613;S1715R;-1,871063083
614;S1715R;-1,871063083
615;Y1716D;0,017989542
616;Y1716H;0,293174678
617;Y1716N;0,018086242
618;Y1716S;0,068957645
619;Y1716F;0,06187088
620;Y1716C;-0,344807992
621;Y1716Y;-0,080687376
622;F1717V;0,009304937
623;F1717L;0,19828517
624;F1717I;-0,567159028
625;F1717S;0,038652294
626;F1717Y;0,021042059
627;F1717C;0,169709433
628;F1717L;0,19828517
629;F1717L;0,19828517
630;W1718R;-1,678122592
631;W1718G;-1,874947599
632;W1718R;-1,678122592
633;W1718L;-1,371155232
634;W1718S;-1,186702945
635;W1718C;-1,575707705
636;W1718C;-1,575707705
637;V1719L;-0,561705913
638;V1719M;-0,5405589
639;V1719L;-0,561705913
640;V1719A;0,374786796
641;V1719E;-1,925277452
642;V1719G;-1,38364631
643;V1719V;0,159401258
644;T1720S;0,380406589
645;T1720A;0,132285866
646;Q1721K;-0,008477079
647;Q1721E;-0,120205617
648;Q1721L;0,055847962
649;Q1721R;-0,203878344
650;Q1721P;-2,352740782
651;Q1721Q;0,283238014
652;Q1721H;0,054679398
653;Q1721H;0,054679398
654;S1722A;0,029494254
655;S1722P;-1,65174167
656;S1722T;-0,377101067
657;S1722Y;-1,284016223
658;S1722C;0,197527537
659;S1722F;-0,834246379
660;S1722S;-0,13631476
661;I1723F;0,215808299
662;I1723V;0,283315191
663;I1723L;0,054043046
664;I1723S;-0,267795187
665;I1723T;0,355145638
666;I1723N;-0,126123105
667;I1723I;-0,052080503
668;I1723M;0,00779992
669;K1724Q;-0,342907545
670;K1724E;-0,051271157
671;K1724R;-0,000931562
672;K1724T;-0,193830018
673;K1724I;-0,188903344
674;K1724K;0,052014315
675;K1724N;-0,057957456
676;K1724N;-0,057957456
677;E1725Q;-0,411198294
678;E1725K;-0,461716897
679;E1725G;0,23084079
680;E1725V;-0,276712989
681;E1725A;0,185373964
682;E1725D;-0,155152046
683;E1725D;-0,155152046
684;E1725E;0,248392835
685;R1726G;0,139873673
686;R1726R;0,252982272
687;R1726T;-0,108020882
688;R1726K;0,065606784
689;R1726I;-0,313708723
690;R1726S;-0,145743968
691;R1726S;-0,145743968
692;K1727E;0,55203429
693;K1727Q;0,295675239
694;K1727T;0,177259858
695;K1727I;0,02205352
696;K1727R;0,090003834
697;K1727N;0,068940287
698;K1727N;0,068940287
699;K1727K;0,214590703
700;M1728V;0,113929224
701;M1728L;-0,292013269
702;M1728L;-0,292013269
703;M1728R;-0,298201446
704;M1728T;0,164069415
705;M1728K;0,243499453
706;M1728I;0,151964853
707;M1728I;0,151964853
708;M1728I;0,151964853
709;L1729M;-0,437496985
710;L1729V;0,196300676
711;L1729L;0,027962516
712;L1729Q;-0,129532584
713;L1729R;0,070333078
714;L1729P;-1,258118135
715;N1730Y;0,4249336
716;N1730D;-0,003642159
717;N1730H;0,421659854
718;N1730T;-0,178811215
719;N1730S;0,232421912
720;N1730I;-0,32964611
721;N1730K;0,34805014
722;N1730N;-0,07714022
723;N1730K;0,34805014
724;E1731Q;-0,85868058
725;E1731K;-2,769776089
726;E1731V;-0,203848215
727;E1731A;0,275906423
728;E1731G;0,065227302
729;E1731D;-0,031138253
730;E1731D;-0,031138253
731;H1732N;-0,586664005
732;H1732D;-0,176629406
733;H1732Y;-0,662483092
734;H1732L;0,071120424
735;H1732P;0,145482326
736;H1732R;0,333391436
737;H1732Q;-0,10668094
738;H1732Q;-0,10668094
739;D1733H;-0,054488878
740;D1733Y;-0,633444213
741;D1733N;-0,511247529
742;D1733G;0,167600774
743;D1733A;0,158927256
744;D1733V;-0,445244049
745;D1733E;0,22581061
746;D1733E;0,22581061
747;D1733D;0,539590361
748;F1734V;-2,481021196
749;F1734I;-2,255002356
750;F1734L;-1,868299863
751;F1734C;-3,36637908
752;F1734Y;-0,123011326
753;F1734S;-2,033809729
754;F1734F;0,267652907
755;F1734L;-1,868299863
756;F1734L;-1,868299863
757;E1735Q;-0,249794862
758;E1735K;-3,242945543
759;E1735G;-1,835119675
760;E1735V;0,098740887
761;E1735A;-0,503115482
762;E1735E;0,155928952
763;E1735D;-1,230850862
764;E1735D;-1,230850862
765;V1736I;-0,051934422
766;V1736F;-2,380463702
767;V1736L;-1,845344667
768;V1736G;-1,733293339
769;V1736A;-1,603092599
770;V1736D;-1,931173292
771;V1736V;-0,433383611
772;R1737G;-0,347344956
773;R1737R;-0,145285602
774;R1737T;-0,029514156
775;R1737I;0,204096136
776;R1737K;-0,949347403
777;R1737S;0,100274641
778;R1737S;0,100274641
779;G1738R;-3,661620453
780;G1738R;-3,661620453
781;G1738E;-2,635341621
782;G1738A;-2,423903607
783;G1738V;-2,739325547
784;G1738G;-0,038956326
785;D1739H;-2,767134079
786;D1739N;-0,114011824
787;D1739Y;-2,529119775
788;D1739A;-2,475646402
789;D1739V;-1,993767422
790;D1739G;-2,43103073
791;D1739E;-2,913167418
792;D1739E;-2,913167418
793;D1739D;0,218052906
794;V1740L;-0,063516068
795;V1740A;0,079659853
796;V1740G;-0,506044073
797;V1741L;-0,782954663
798;V1741I;0,162782347
799;V1741A;-0,27418775
800;V1741D;-1,90564466
801;V1741V;-0,056476782
802;N1742D;-0,749588492
803;N1742H;-0,028315612
804;N1742Y;-1,123927302
805;N1742I;-0,341116351
806;N1742S;0,067229341
807;N1742T;0,20615039
808;N1742K;-0,122821188
809;N1742N;-0,070479349
810;N1742K;-0,122821188
811;G1743R;-2,681421497
812;G1743R;-2,681421497
813;G1743E;-2,831105914
814;G1743A;-1,213395644
815;G1743V;-1,689462298
816;G1743G;0,118169545
817;R1744G;-0,026914798
818;R1744R;0,359857182
819;R1744I;-0,611578163
820;R1744K;0,217324419
821;R1744T;-0,355909945
822;R1744S;0,2605459
823;R1744S;0,2605459
824;N1745Y;0,065234813
825;N1745D;0,079887682
826;N1745H;0,209290415
827;N1745S;0,195848238
828;N1745T;-0,073278435
829;N1745I;0,519271991
830;N1745K;-0,051505797
831;N1745N;0,062518924
832;N1745K;-0,051505797
833;H1746D;-1,779168015
834;H1746N;-0,759565562
835;H1746Y;-2,304745702
836;H1746L;-0,470063509
837;H1746R;-0,566534227
838;H1746P;-2,566477457
839;H1746H;0,164617721
840;H1746Q;-0,89682755
841;H1746Q;-0,89682755
842;Q1747K;-0,417318658
843;Q1747E;-0,371298205
844;Q1747R;0,20084236
845;Q1747P;-2,105208429
846;Q1747L;0,161184595
847;Q1747H;0,002338777
848;Q1747H;0,002338777
849;Q1747Q;0,391096105
850;G1748R;-3,093498513
851;G1748S;-0,375461919
852;G1748C;-2,706851164
853;G1748D;-1,651899187
854;G1748V;-1,268008407
855;G1748A;-0,721756325
856;G1748G;0,223535558
857;P1749T;-0,653988637
858;P1749S;-1,44884667
859;P1749A;-0,153996475
860;P1749L;-2,091518939
861;P1749Q;-2,675987136
862;P1749R;-3,306062513
863;P1749P;0,127492817
864;K1750E;-0,630633802
865;K1750Q;0,290074466
866;K1750M;-0,04157237
867;K1750T;-0,16692092
868;K1750R;0,364944419
869;K1750N;-0,185011355
870;K1750N;-0,185011355
871;K1750K;-0,195854772
872;R1751R;0,121389761
873;R1751G;-1,472515666
874;R1751P;-2,860787068
875;R1751Q;-0,149920264
876;R1751L;-0,3719187
877;A1752S;0,018962269
878;A1752P;-3,126781127
879;A1752T;-2,585788759
880;A1752V;-1,738491962
881;A1752E;-3,037830223
882;A1752G;-0,281368162
883;A1752A;-0,026520519
884;R1753G;-2,421415113
885;R1753R;0,025914103
886;R1753T;-2,370420437
887;R1753I;-2,516981978
888;R1753K;-1,934324702
889;R1753S;-2,128715587
890;R1753S;-2,128715587
891;E1754Q;0,015345887
892;E1754K;-0,318323796
893;E1754G;-0,106235488
894;E1754V;-0,057690347
895;E1754A;0,283962926
896;E1754D;-0,126836886
897;E1754D;-0,126836886
898;E1754E;0,29612826
899;S1755P;-0,282334304
900;S1755T;-0,188463324
901;S1755A;-0,183185182
902;S1755F;-0,154077949
903;S1755C;0,121448366
904;S1755Y;-0,484283481
905;S1755S;-0,038981036
906;Q1756E;0,587609004
907;Q1756K;-0,285468104
908;Q1756L;0,418980606
909;Q1756R;0,26061444
910;Q1756P;0,11976869
911;Q1756H;-0,287596634
912;Q1756H;-0,287596634
913;Q1756Q;-0,15950462
914;D1757N;-0,146850128
915;D1757H;0,003611736
916;D1757Y;0,09195191
917;D1757A;0,337990579
918;D1757G;-0,22913632
919;D1757V;-0,065095064
920;D1757D;-0,263924645
921;D1757E;0,041979448
922;D1757E;0,041979448
923;R1758G;0,315491624
924;R1758R;0,461730355
925;R1758K;0,059075947
926;R1758T;-0,107145801
927;R1758I;-0,170083405
928;R1758S;0,103330787
929;R1758S;0,103330787
930;K1759Q;0,272969813
931;K1759E;0,156731174
932;K1759T;-0,259852223
933;K1759R;-0,054416045
934;K1759M;0,37986441
935;K1759N;0,036740349
936;K1759N;0,036740349
937;I1760V;-0,198692768
938;I1760F;-0,896258271
939;I1760L;-0,192788069
940;I1760S;-2,271126986
941;I1760T;-2,605287949
942;I1760N;-2,181993712
943;I1760M;-0,167247725
944;F1761I;-3,434960657
945;F1761V;-2,661537635
946;F1761L;-0,080100771
947;F1761S;-3,081528484
948;F1761C;-3,000722887
949;F1761Y;-1,034478207
950;F1761L;-0,080100771
951;F1761F;-0,06456736
952;F1761L;-0,080100771
953;R1762R;-0,07891504
954;R1762W;0,2466609
955;R1762G;-0,176011985
956;R1762M;0,264115311
957;R1762K;-0,142165264
958;R1762T;-0,287184713
959;R1762S;0,111612808
960;R1762S;0,111612808
961;G1763R;-0,664336515
962;G1763A;0,636291743
963;G1763V;-1,830636761
964;L1764I;-0,457075646
965;L1764V;-0,502673316
966;L1764P;-1,986744563
967;L1764Q;-1,681584109
968;L1764L;0,152973867
969;E1765Q;-0,450121558
970;E1765K;-0,102273748
971;E1765A;-0,207861896
972;E1765V;-0,197631605
973;E1765G;-0,945497358
974;E1765E;0,723243064
975;E1765D;-0,028361828
976;E1765D;-0,028361828
977;I1766V;-0,027999827
978;I1766L;0,275411155
979;I1766F;-0,248929789
980;I1766S;-1,832268401
981;I1766T;-2,272676881
982;I1766N;-2,947427858
983;I1766I;-0,083624864
984;I1766M;-0,314915848
985;C1767S;-0,966362392
986;C1767G;-0,961465889
987;C1767R;-1,023520731
988;C1767F;-0,037427329
989;C1767Y;-0,018461294
990;C1767S;-0,966362392
991;C1767C;0,598969347
992;C1767W;-1,195495022
993;C1768R;-1,22753279
994;C1768G;-0,967951041
995;C1768S;-0,513420935
996;C1768S;-0,513420935
997;C1768Y;-0,735895408
998;C1768F;-1,623083698
999;C1768W;-1,883722065
1000;C1768C;-0,256078321
1001;Y1769N;-0,174143412
1002;Y1769D;-1,754691641
1003;Y1769C;-0,848123415
1004;Y1769F;0,222513049
1005;Y1769S;-0,454148627
1006;Y1769Y;0,249844855
1007;G1770W;-2,726979004
1008;G1770R;-1,263370297
1009;G1770R;-1,263370297
1010;G1770V;-2,598026614
1011;G1770A;0,177727283
1012;G1770E;-0,24180534
1013;G1770G;0,008474456
1014;P1771T;-0,582526407
1015;P1771S;0,636000094
1016;P1771A;-0,660597065
1017;P1771R;-0,472155007
1018;P1771L;-0,708448452
1019;P1771H;-0,187415676
1020;P1771P;0,031391195
1021;F1772L;-0,681683378
1022;F1772I;-0,203447138
1023;F1772V;-1,019752288
1024;F1772Y;0,05286372
1025;F1772S;-0,10482076
1026;F1772C;-0,318746863
1027;F1772F;-0,391263301
1028;F1772L;-0,681683378
1029;T1773S;-0,785410272
1030;T1773P;-0,067303492
1031;T1773A;-0,986490293
1032;T1773N;-0,507254589
1033;T1773I;0,200455715
1034;T1773S;-0,785410272
1035;T1773T;-0,078297
1036;N1774D;0,066732338
1037;N1774Y;-0,045066749
1038;N1774H;0,136919874
1039;N1774S;-0,108641712
1040;N1774I;-0,143580172
1041;N1774T;0,003280231
1042;N1774K;-0,016030451
1043;N1774K;-0,016030451
1044;N1774N;-0,501709436
1045;M1775L;0,159622888
1046;M1775V;-1,522042302
1047;M1775L;0,159622888
1048;M1775R;-1,392638445
1049;M1775T;-0,703426201
1050;M1775K;-1,831862366
1051;M1775I;-0,844174268
1052;M1775I;-0,844174268
1053;M1775I;-0,844174268
1054;P1776T;-0,151370595
1055;P1776S;-0,463819845
1056;P1776A;-0,29748191
1057;P1776H;0,332097385
1058;P1776R;-0,077755265
1059;P1776L;-0,365363312
1060;P1776P;-0,300677602
1061;T1777A;0,115434624
1062;T1777S;-0,017011003
1063;T1777P;0,09141921
1064;T1777I;-0,453445016
1065;T1777R;-0,25998477
1066;T1777K;-0,230527311
1067;D1778N;-1,017950484
1068;D1778Y;-1,052680353
1069;D1778A;0,04797171
1070;D1778V;0,010852764
1071;D1778G;-0,093197797
1072;D1778E;0,072841464
1073;D1778E;0,072841464
1074;Q1779K;0,174697664
1075;Q1779E;-0,201378826
1076;Q1779L;0,081959098
1077;Q1779R;-0,082708212
1078;Q1779P;-0,597503848
1079;Q1779H;0,102366918
1080;Q1779H;0,102366918
1081;Q1779Q;0,362753047
1082;L1780V;-0,690953042
1083;L1780R;-1,982653745
1084;L1780P;-2,354943895
1085;E1781Q;0,192824554
1086;E1781K;0,122330704
1087;E1781V;0,205498427
1088;E1781A;0,400263043
1089;E1781D;0,069135895
1090;E1781D;0,069135895
1091;E1781E;0,32088487
1092;W1782R;0,301775217
1093;W1782R;0,301775217
1094;W1782G;0,005755388
1095;W1782S;0,180529843
1096;W1782L;0,003886588
1097;W1782C;-0,038111181
1098;W1782C;-0,038111181
1099;M1783L;0,133379333
1100;M1783V;-0,11405249
1101;M1783L;0,133379333
1102;M1783K;-1,512336819
1103;M1783R;-2,113652955
1104;M1783T;-0,442333511
1105;M1783I;0,214041727
1106;M1783I;0,214041727
1107;M1783I;0,214041727
1108;V1784L;-0,186488935
1109;V1784I;-0,052235209
1110;V1784L;-0,186488935
1111;V1784G;-0,482147505
1112;V1784E;-2,082720016
1113;V1784A;0,288345831
1114;V1784V;0,1617363
1115;Q1785K;-0,283400305
1116;Q1785E;0,269408297
1117;Q1785L;0,064799707
1118;Q1785P;-1,525560432
1119;Q1785R;0,10397113
1120;Q1785H;-0,35794075
1121;Q1785Q;0,078418034
1122;Q1785H;-0,35794075
1123;L1786L;0,03326453
1124;L1786V;-0,196547915
1125;L1786M;-0,177410617
1126;L1786P;-1,521510546
1127;L1786Q;-0,200929901
1128;L1786R;-0,151024584
1129;C1787G;0,158224375
1130;C1787S;-0,309405568
1131;C1787R;-1,925618478
1132;C1787S;-0,309405568
1133;C1787Y;-1,75624866
1134;C1787F;-0,299372081
1135;C1787W;-1,955358378
1136;C1787C;0,149741365
1137;G1788C;-1,885704165
1138;G1788S;-1,352523321
1139;G1788R;-2,185787155
1140;G1788V;-1,679715181
1141;G1788A;-1,412131697
1142;G1788D;-0,693108212
1143;G1788G;0,088737359
1144;A1789S;-0,439408021
1145;A1789P;-1,671327794
1146;A1789T;-2,139004464
1147;A1789G;-0,161095734
1148;A1789D;-2,497897916
1149;A1789V;-1,999552943
1150;A1789A;0,073352032
1151;S1790P;-0,545062214
1152;S1790A;0,25068559
1153;S1790T;0,1676731
1154;S1790F;-0,24334366
1155;S1790Y;-0,351389324
1156;S1790C;0,159635608
1157;S1790S;0,015345895
1158;V1791M;-0,252402919
1159;V1791L;0,037219754
1160;V1791L;0,037219754
1161;V1791E;-1,189003788
1162;V1791G;-0,654299843
1163;V1791A;0,185419113
1164;V1791V;0,107021591
1165;V1792L;-0,323216047
1166;V1792L;-0,323216047
1167;V1792M;-0,136814697
1168;V1792A;0,290276502
1169;V1792G;-0,585138825
1170;V1792E;-1,03390543
1171;V1792V;-0,143926422
1172;K1793E;0,14035815
1173;K1793Q;0,190832525
1174;K1793T;0,304856631
1175;K1793M;-0,350282463
1176;K1793R;0,472239647
1177;K1793N;-0,876197533
1178;K1793K;-0,018378617
1179;K1793N;-0,876197533
1180;E1794K;-0,191608109
1181;E1794Q;0,08847117
1182;E1794V;-0,277387579
1183;E1794A;0,133261067
1184;E1794G;0,494525047
1185;E1794D;-0,081595019
1186;E1794E;-0,139960541
1187;E1794D;-0,081595019
1188;L1795V;-0,049730498
1189;L1795F;0,193792115
1190;L1795I;-0,370652929
1191;L1795H;-0,16182793
1192;L1795P;0,185247954
1193;L1795R;0,032762638
1194;L1795L;0,065466536
1195;S1796T;-0,131191208
1196;S1796P;-0,158763871
1197;S1796A;-0,061224523
1198;S1796L;-0,783587017
1199;S1796S;-0,100465592
1200;S1797T;-0,126059918
1201;S1797A;0,132073996
1202;S1797P;0,039486467
1203;S1797L;-0,093689799
1204;S1797S;0,015385776
1205;F1798V;-0,209132543
1206;F1798L;0,061988747
1207;F1798I;-0,20296737
1208;F1798C;-0,045273343
1209;F1798Y;-0,012765803
1210;F1798S;0,109082853
1211;F1798L;0,061988747
1212;F1798L;0,061988747
1213;F1798F;-0,176393723
1214;T1799P;0,06951319
1215;T1799A;0,19731123
1216;T1799S;0,125790879
1217;T1799N;-0,281580312
1218;T1799S;0,125790879
1219;T1799I;0,056073639
1220;T1799T;0,020950189
1221;L1800V;-0,136279493
1222;L1800I;-0,000404225
1223;L1800F;-0,054776004
1224;L1800P;0,171427449
1225;L1800R;0,020172492
1226;L1800H;0,163739165
1227;L1800L;-0,106799408
1228;G1801R;-0,261908996
1229;G1801S;0,092973393
1230;G1801C;-0,1272595
1231;G1801V;0,265168855
1232;G1801A;0,007740476
1233;G1801D;0,042955774
1234;G1801G;0,016392408
1235;T1802P;0,305814753
1236;T1802S;0,074865725
1237;T1802A;0,045992706
1238;T1802K;-0,354782147
1239;T1802R;-0,060562918
1240;T1802I;0,183191305
1241;G1803C;0,30984265
1242;G1803R;0,104268268
1243;G1803S;-0,320508703
1244;G1803V;-0,349508563
1245;G1803A;0,015107804
1246;G1803D;-1,070930368
1247;V1804L;-0,580450235
1248;V1804F;0,556759822
1249;V1804I;0,058148475
1250;V1804G;-0,697272171
1251;V1804D;0,429372531
1252;V1804A;0,08158347
1253;V1804V;-0,035213523
1254;H1805Y;0,198364117
1255;H1805D;0,211689665
1256;H1805N;0,140889196
1257;H1805L;0,276406041
1258;H1805P;-0,083873047
1259;H1805R;-0,010064457
1260;H1805Q;-0,291323809
1261;H1805Q;-0,291323809
1262;H1805H;0,213177011
1263;P1806S;0,477544138
1264;P1806T;-0,304187042
1265;P1806A;0,098106712
1266;P1806Q;0,073841597
1267;P1806R;0,160857415
1268;P1806L;-0,203817494
1269;P1806P;0,121975256
1270;I1807V;0,161589837
1271;I1807L;0,177009281
1272;I1807F;-1,125070136
1273;I1807T;-0,260029674
1274;I1807S;-1,932774307
1275;I1807N;-1,741497034
1276;I1807I;-0,40190039
1277;I1807M;0,165225199
1278;V1808L;-0,227223409
1279;V1808A;-0,798819225
1280;V1808G;-1,930088141
1281;V1809I;-0,216144901
1282;V1809D;-1,354903918
1283;V1809A;-1,649958296
1284;V1809V;0,129504175
1285;V1810L;-0,1213485
1286;V1810M;-0,477757821
1287;V1810L;-0,1213485
1288;V1810E;-1,563640679
1289;V1810A;-0,036260638
1290;V1810G;-3,3738808
1291;V1810V;-1,008622858
1292;Q1811K;-2,061911143
1293;Q1811E;-0,076575852
1294;Q1811R;-1,711502186
1295;Q1811L;-3,420158147
1296;Q1811P;-1,946901508
1297;Q1811H;-0,747776959
1298;Q1811Q;0,123846217
1299;Q1811H;-0,747776959
1300;P1812T;-0,074708535
1301;P1812A;-2,75730524
1302;P1812S;-0,326462941
1303;P1812R;0,261310921
1304;P1812L;-0,765334601
1305;P1812Q;-0,879112288
1306;P1812P;-0,000397397
1307;D1813H;-0,981230415
1308;D1813N;-0,142261664
1309;D1813Y;-1,316304856
1310;D1813A;0,025227332
1311;D1813V;-0,180560716
1312;D1813G;0,21034116
1313;D1813E;-0,20293611
1314;D1813D;0,072360982
1315;D1813E;-0,20293611
1316;A1814S;-0,671084707
1317;A1814T;-0,180716298
1318;A1814P;-0,846765222
1319;A1814V;-0,359948472
1320;A1814G;-1,37729254
1321;A1814D;-1,254912402
1322;A1814A;-0,071800451
1323;W1815R;-0,602917277
1324;W1815R;-0,602917277
1325;W1815G;-0,624105915
1326;W1815S;-1,549697531
1327;W1815L;0,035890047
1328;W1815C;-1,666820032
1329;W1815C;-1,666820032
1330;T1816A;-0,093720031
1331;T1816S;-0,582124911
1332;T1816P;-0,302598613
1333;T1816K;-0,505095338
1334;T1816R;0,0848726
1335;T1816I;0,018444786
1336;T1816T;0,31924682
1337;E1817Q;-0,478225312
1338;E1817K;0,126226954
1339;E1817G;0,719011109
1340;E1817A;0,310352545
1341;E1817V;-0,587397335
1342;E1817D;-0,107234787
1343;E1817E;0,130951836
1344;E1817D;-0,107234787
1345;D1818N;-0,059666754
1346;D1818H;-1,966682516
1347;D1818Y;0,029580237
1348;D1818V;0,155552919
1349;D1818A;-0,628332847
1350;D1818G;-3,163035304
1351;D1818D;-0,118783423
1352;D1818E;0,116922666
1353;D1818E;0,116922666
1354;N1819Y;-0,449637787
1355;N1819H;-0,415957444
1356;N1819D;0,000534279
1357;N1819I;-0,270928279
1358;N1819S;0,408757217
1359;N1819T;-0,279502934
1360;N1819K;-0,086438508
1361;N1819K;-0,086438508
1362;N1819N;0,449495997
1363;G1820R;-0,154003266
1364;G1820S;-0,396620648
1365;G1820C;-0,609895505
1366;G1820A;-0,784422946
1367;G1820D;-0,325765931
1368;G1820V;0,262636792
1369;G1820G;0,100930728
1370;F1821V;-0,195359257
1371;F1821I;-0,437724082
1372;F1821L;-0,453237634
1373;F1821S;-0,112501489
1374;F1821Y;-0,038687305
1375;F1821C;-0,73462888
1376;F1821L;-0,453237634
1377;F1821F;-0,062009636
1378;F1821L;-0,453237634
1379;H1822D;0,225013754
1380;H1822N;0,219049203
1381;H1822Y;-0,242424965
1382;H1822L;-0,330819441
1383;H1822R;-0,424960818
1384;H1822P;0,001600832
1385;H1822Q;0,07946948
1386;H1822Q;0,07946948
1387;A1823S;-3,642830833
1388;A1823P;-3,30464537
1389;A1823T;-3,186519076
1390;A1823E;0,135290186
1391;A1823G;-0,841867943
1392;A1823V;-0,438360206
1393;I1824L;-0,31378998
1394;I1824V;-0,330562389
1395;I1824F;-0,510016108
1396;I1824N;-0,293590735
1397;I1824T;-0,52808496
1398;I1824S;-0,12643378
1399;I1824I;0,068198645
1400;I1824M;-2,078019786
1401;G1825R;-0,205906394
1402;G1825W;-0,608895507
1403;G1825R;-0,205906394
1404;G1825V;-0,130113384
1405;G1825E;-0,010771661
1406;G1825A;-0,042873856
1407;G1825G;-0,24723095
1408;Q1826E;0,044173969
1409;Q1826K;-0,025890479
1410;Q1826P;-0,032405706
1411;Q1826R;0,038512569
1412;Q1826L;-0,188283018
1413;Q1826H;-0,438084188
1414;Q1826Q;-0,614359996
1415;Q1826H;-0,438084188
1416;M1827L;0,236500391
1417;M1827V;-0,276791005
1418;M1827L;0,236500391
1419;M1827R;-0,242181569
1420;M1827T;0,063026048
1421;M1827K;-0,129843362
1422;M1827I;-0,344383559
1423;M1827I;-0,344383559
1424;M1827I;-0,344383559
1425;C1828G;-0,40753017
1426;C1828R;-0,875619335
1427;C1828S;-0,427149017
1428;C1828S;-0,427149017
1429;C1828Y;-0,308549501
1430;C1828F;-0,404389484
1431;C1828W;-0,090205374
1432;C1828C;-0,258143618
1433;E1829Q;-0,513444906
1434;E1829K;-0,804182974
1435;E1829V;0,226361293
1436;E1829G;-0,150965352
1437;E1829A;0,052718601
1438;E1829E;-0,285887279
1439;E1829D;-0,197892937
1440;E1829D;-0,197892937
1441;A1830P;-0,653638816
1442;A1830T;0,168084557
1443;A1830S;-0,344285219
1444;A1830V;-0,211976289
1445;A1830E;-1,125728172
1446;A1830G;-0,990940648
1447;A1830A;0,305540821
1448;P1831S;-0,208516948
1449;P1831T;-0,014992898
1450;P1831A;0,084675759
1451;P1831H;-0,288263507
1452;P1831L;0,085956773
1453;P1831R;-0,333529135
1454;P1831P;0,081034543
1455;V1832L;-0,736470517
1456;V1832G;-2,871570544
1457;V1832A;-0,909867174
1458;V1833L;-0,784809335
1459;V1833M;-2,183484358
1460;V1833A;-0,661423187
1461;V1833E;-2,605933766
1462;V1833V;0,03168144
1463;T1834P;0,131130517
1464;T1834S;0,004400628
1465;T1834A;0,220196066
1466;T1834S;0,004400628
1467;T1834N;-0,049695064
1468;T1834I;0,195638344
1469;T1834T;-0,124098779
1470;R1835R;0,112346384
1471;R1835G;-1,447836507
1472;R1835P;-1,312085753
1473;R1835L;-1,189276623
1474;R1835Q;-0,906347442
1475;E1836Q;-0,005133664
1476;E1836K;-0,299933276
1477;E1836V;-1,690014505
1478;E1836G;-0,171450552
1479;E1836A;0,459904567
1480;E1836E;0,067640545
1481;E1836D;0,071980761
1482;E1836D;0,071980761
1483;W1837G;-2,562818474
1484;W1837R;-2,460781171
1485;W1837R;-2,460781171
1486;W1837S;-2,224528694
1487;W1837L;-2,168872309
1488;W1837C;-1,696613003
1489;W1837C;-1,696613003
1490;V1838L;0,009842337
1491;V1838L;0,009842337
1492;V1838M;-0,553037931
1493;V1838A;-0,213826976
1494;V1838E;-1,725873238
1495;V1838G;-1,979915318
1496;V1838V;-0,015225439
1497;L1839V;-1,910878187
1498;L1839L;-0,013345126
1499;L1839S;-2,491443829
1500;L1839F;-0,234922906
1501;L1839F;-0,234922906
1502;D1840N;0,11660501
1503;D1840H;-0,465913766
1504;D1840V;-1,793784349
1505;D1840G;-1,364247139
1506;D1840A;0,040887376
1507;D1840E;-1,055476641
1508;D1840D;-0,625140476
1509;D1840E;-1,055476641
1510;S1841C;-0,023697712
1511;S1841G;-0,833876806
1512;S1841R;-1,460773851
1513;S1841T;-1,863429463
1514;S1841I;-2,185789258
1515;S1841N;-2,262144441
1516;S1841S;0,380065819
1517;S1841R;-1,460773851
1518;S1841R;-1,460773851
1519;V1842I;-0,01810642
1520;V1842L;-0,680209351
1521;V1842L;-0,680209351
1522;V1842A;-1,49481134
1523;V1842E;-2,026892883
1524;V1842G;-1,922434028
1525;V1842V;0,079165563
1526;A1843T;-0,062383638
1527;A1843S;0,060352797
1528;A1843P;-2,684527284
1529;A1843V;-0,377550924
1530;A1843G;-0,356104922
1531;A1843E;-2,819920758
1532;A1843A;0,301295172
1533;L1844I;-0,268220295
1534;L1844F;-0,170767947
1535;L1844V;0,196108695
1536;L1844P;-0,232681566
1537;L1844R;-0,061581269
1538;L1844H;-0,312582722
1539;L1844L;-0,139304918
1540;Y1845D;-0,811639346
1541;Y1845N;-0,029240771
1542;Y1845H;0,121790822
1543;Y1845F;0,115162949
1544;Y1845C;0,041728726
1545;Y1845S;-0,22453305
1546;Y1845Y;-0,129467374
1547;Q1846E;-0,193852332
1548;Q1846K;-0,085173172
1549;Q1846R;0,280153919
1550;Q1846P;-1,966089107
1551;Q1846L;0,098458145
1552;Q1846Q;0,064568067
1553;Q1846H;-0,273650344
1554;Q1846H;-0,273650344
1555;C1847G;-0,051867215
1556;C1847R;0,255108725
1557;C1847S;-0,087586844
1558;C1847S;-0,087586844
1559;C1847Y;0,137716861
1560;C1847F;-0,497292266
1561;C1847C;-0,116100913
1562;C1847W;-0,127904431
1563;Q1848E;-0,353073612
1564;Q1848K;0,065825302
1565;Q1848L;-0,101285458
1566;Q1848R;0,251439368
1567;Q1848P;-1,749798788
1568;Q1848H;-0,607000667
1569;Q1848H;-0,607000667
1570;Q1848Q;-0,463788966
1571;E1849K;-0,142875393
1572;E1849Q;0,047025123
1573;E1849G;-0,444983274
1574;E1849A;-1,18497765
1575;E1849V;-1,009539446
1576;E1849E;-0,031024351
1577;E1849D;-0,084089872
1578;E1849D;-0,084089872
1579;L1850L;-0,098995509
1580;L1850M;0,168902849
1581;L1850V;-0,406771498
1582;L1850P;0,106617167
1583;L1850Q;-0,635649813
1584;L1850R;-0,185898415
1585;D1851Y;-0,636700804
1586;D1851H;-0,044297379
1587;D1851N;-0,253026438
1588;D1851G;-0,328077814
1589;D1851V;-0,675031571
1590;D1851A;-0,243173681
1591;D1851E;-0,23692835
1592;D1851D;-0,825888554
1593;D1851E;-0,23692835
1594;T1852S;-0,131134371
1595;T1852A;0,309628122
1596;T1852P;-0,067411712
1597;T1852I;-0,152107501
1598;T1852N;-0,074499967
1599;T1852S;-0,131134371
1600;T1852T;-0,280294743
1601;Y1853D;-3,351371554
1602;Y1853N;-2,16719537
1603;Y1853H;-1,652882911
1604;Y1853C;-2,763438152
1605;Y1853S;-1,698236873
1606;Y1853F;-0,627988108
1607;Y1853Y;0,041466299
1608;L1854L;-0,37285097
1609;L1854V;0,15847644
1610;L1854M;-0,04053434
1611;L1854R;0,312451685
1612;L1854P;-1,34387151
1613;L1854Q;0,259387036
1614;I1855L;0,233297291
1615;I1855V;0,04627763
1616;I1855L;0,233297291
1617;I1855T;-0,291518974
1618;I1855R;-0,464328416
1619;I1855K;-0,863843895
1620;I1855M;0,021940862
1621;I1855I;0,107930262
