;mutant;screenscore
0;A2A;1
1;D3A;0,620462614
2;Q4A;
3;L5A;0,505060245
4;T6A;1,01105831
5;E7A;0,674626548
6;E8A;0,597132507
7;Q9A;-0,018191111
8;I10A;-0,408884544
9;A11A;1
10;E12A;1,189156301
11;F13A;0,640131334
12;K14A;0,448080113
13;E15A;0,750440758
14;A16A;1
15;F17A;
16;S18A;0,989022203
17;L19A;
18;F20A;
19;D21A;0,38222057
20;K22A;1,087488554
21;D23A;1,010770221
22;G24A;0,959372839
23;D25A;1,096960871
24;G26A;1,058954937
25;T27A;1,015230993
26;I28A;0,366351245
27;T29A;0,994009447
28;T30A;1,043542625
29;K31A;0,696278152
30;E32A;1,114962094
31;L33A;1,120387119
32;G34A;
33;T35A;0,970360153
34;V36A;0,990972465
35;M37A;1,214478015
36;R38A;0,52066933
37;S39A;0,90865288
38;L40A;1,233657493
39;G41A;1,024219383
40;Q42A;
41;N43A;
42;P44A;1,059187592
43;T45A;1,08835166
44;E46A;0,890028031
45;A47A;1
46;E48A;0,389237973
47;L49A;1,141909724
48;Q50A;
49;D51A;0,947260159
50;M52A;
51;I53A;1,22681485
52;N54A;-0,375095166
53;E55A;0,842235463
54;V56A;0,990746976
55;D57A;0,753810313
56;A58A;1
57;D59A;1,029204508
58;G60A;
59;N61A;1,134919316
60;G62A;1,144701391
61;T63A;0,929120669
62;I64A;0,849704814
63;D65A;0,934308587
64;F66A;1,158644365
65;P67A;0,947133769
66;E68A;1,156251339
67;F69A;
68;L70A;0,709559871
69;T71A;1,053022185
70;M72A;
71;M73A;1,052388236
72;A74A;1
73;R75A;0,951517455
74;K76A;1,094093774
75;M77A;1,276895788
76;K78A;0,419261985
77;D79A;1,0288463
78;T80A;1,062601835
79;D81A;1,106564948
80;S82A;1,145861903
81;E83A;0,754557793
82;E84A;1,213479647
83;E85A;0,797164658
84;I86A;0,831724295
85;R87A;
86;E88A;0,753062231
87;A89A;1
88;F90A;
89;R91A;
90;V92A;1,001706699
91;F93A;
92;D94A;0,648978975
93;K95A;
94;D96A;-0,010418314
95;G97A;1,091210911
96;N98A;
97;G99A;0,576975768
98;Y100A;0,709132284
99;I101A;0,968913729
100;S102A;
101;A103A;1
102;A104A;1
103;E105A;1,085512657
104;L106A;
105;R107A;
106;H108A;0,984947987
107;V109A;0,992653767
108;M110A;1,010388005
109;T111A;1,002534696
110;N112A;
111;L113A;0,142826868
112;G114A;0,589704778
113;E115A;0,684099379
114;K116A;
115;L117A;0,850948874
116;T118A;1,024962379
117;D119A;1,187403152
118;E120A;1,165269134
119;E121A;0,372323844
120;V122A;1,018540206
121;D123A;0,847881926
122;E124A;1,029383286
123;M125A;0,713601499
124;I126A;0,580388091
125;R127A;
126;E128A;1,114129962
127;A129A;1
128;D130A;0,348670847
129;I131A;0,890313579
130;D132A;0,882847855
131;G133A;0,895285452
132;D134A;0,558843368
133;G135A;0,975659796
134;Q136A;
135;V137A;0,981464599
136;N138A;0,752322971
137;Y139A;
138;E140A;0,98563978
139;E141A;0,299069561
140;F142A;
141;V143A;1,004247119
142;Q144A;
143;M145A;1,01995175
144;M146A;0,71709447
145;T147A;1,005920244
146;A148A;1
147;K149A;
148;A2V;1,009356175
149;D3V;0,625938748
150;Q4V;
151;L5V;0,858864978
152;T6V;1,213569895
153;E7V;0,937572435
154;E8V;0,969219116
155;Q9V;0,405862683
156;I10V;0,940460318
157;A11V;1,032353969
158;E12V;0,780734005
159;F13V;1,068216763
160;K14V;
161;E15V;0,841348064
162;A16V;0,968774509
163;F17V;0,892101748
164;S18V;0,850612117
165;L19V;1,083774168
166;F20V;1,212280837
167;D21V;1,027258932
168;K22V;0,87315301
169;D23V;0,993721127
170;G24V;0,970530648
171;D25V;0,8849186
172;G26V;0,948051991
173;T27V;0,746589313
174;I28V;0,894912473
175;T29V;1,290411
176;T30V;
177;K31V;
178;E32V;1,034203833
179;L33V;0,740044219
180;G34V;0,548300388
181;T35V;0,189069454
182;V36V;1
183;M37V;1,037992749
184;R38V;1,042413539
185;S39V;
186;L40V;1,089890135
187;G41V;0,907256122
188;Q42V;0,114963441
189;N43V;
190;P44V;1,159389385
191;T45V;0,685032595
192;E46V;0,963716596
193;A47V;0,935055497
194;E48V;0,918127381
195;L49V;1,100321156
196;Q50V;
197;D51V;0,243435633
198;M52V;0,946723978
199;I53V;1,035733889
200;N54V;0,457464782
201;E55V;1,032593155
202;V56V;1
203;D57V;0,906759171
204;A58V;1,058182698
205;D59V;0,866500359
206;G60V;0,385266066
207;N61V;
208;G62V;0,892997047
209;T63V;0,841168916
210;I64V;1,059696914
211;D65V;1,020946236
212;F66V;0,999543578
213;P67V;0,907463315
214;E68V;0,575403772
215;F69V;0,850999014
216;L70V;0,97474037
217;T71V;0,668797029
218;M72V;1,070685148
219;M73V;1,035434723
220;A74V;0,976974104
221;R75V;
222;K76V;0,782671917
223;M77V;0,979611546
224;K78V;-0,078324983
225;D79V;0,83024239
226;T80V;0,610485971
227;D81V;1,136780918
228;S82V;
229;E83V;1,036208564
230;E84V;1,027632689
231;E85V;0,839909046
232;I86V;0,956080429
233;R87V;1,192571868
234;E88V;0,923197035
235;A89V;0,900946336
236;F90V;0,135324252
237;R91V;
238;V92V;1
239;F93V;0,948518435
240;D94V;0,678627156
241;K95V;0,403327435
242;D96V;0,861388509
243;G97V;0,759939311
244;N98V;
245;G99V;0,845271507
246;Y100V;0,40250328
247;I101V;1,008742096
248;S102V;0,200731642
249;A103V;0,847911068
250;A104V;0,927890518
251;E105V;1,062403201
252;L106V;
253;R107V;0,53894705
254;H108V;
255;V109V;1
256;M110V;0,922922699
257;T111V;-0,02336971
258;N112V;
259;L113V;0,586700489
260;G114V;0,586635352
261;E115V;0,918602782
262;K116V;0,872790117
263;L117V;0,536830377
264;T118V;0,984247202
265;D119V;0,84212677
266;E120V;0,975664936
267;E121V;0,83438717
268;V122V;1
269;D123V;0,694944216
270;E124V;1,006666418
271;M125V;0,983064512
272;I126V;1,005516328
273;R127V;0,608198172
274;E128V;1,093999186
275;A129V;1,004971962
276;D130V;0,971740466
277;I131V;0,994796304
278;D132V;0,85423189
279;G133V;0,88710512
280;D134V;0,688960431
281;G135V;0,771567484
282;Q136V;0,53894705
283;V137V;1
284;N138V;1,023608459
285;Y139V;0,218114682
286;E140V;0,877723082
287;E141V;0,753869786
288;F142V;
289;V143V;1
290;Q144V;0,743092426
291;M145V;0,927540728
292;M146V;1,021207236
293;T147V;1,24907417
294;A148V;1,024347952
295;K149V;
296;A2L;
297;D3L;0,812706094
298;Q4L;0,912269579
299;L5L;1
300;T6L;
301;E7L;0,639865907
302;E8L;
303;Q9L;1,040580295
304;I10L;0,984324553
305;A11L;0,787946156
306;E12L;0,253444102
307;F13L;0,982173679
308;K14L;-0,275939501
309;E15L;1,152875833
310;A16L;0,929423055
311;F17L;1,002703102
312;S18L;1,064133019
313;L19L;1
314;F20L;0,99197119
315;D21L;0,965680618
316;K22L;0,476290759
317;D23L;
318;G24L;0,50840785
319;D25L;
320;G26L;
321;T27L;0,299705894
322;I28L;0,918769083
323;T29L;0,438027203
324;T30L;0,718195878
325;K31L;0,850504064
326;E32L;0,617794158
327;L33L;1
328;G34L;0,950342004
329;T35L;
330;V36L;0,337943547
331;M37L;0,926019619
332;R38L;0,659585889
333;S39L;1,0908639
334;L40L;1
335;G41L;
336;Q42L;1,013712776
337;N43L;
338;P44L;1,02113524
339;T45L;0,953966522
340;E46L;0,842137976
341;A47L;0,723089625
342;E48L;0,783002056
343;L49L;1
344;Q50L;1,083409155
345;D51L;0,260409693
346;M52L;0,92672881
347;I53L;1,176430253
348;N54L;-0,279598742
349;E55L;0,229912801
350;V56L;0,984128508
351;D57L;0,233521781
352;A58L;
353;D59L;0,988951183
354;G60L;
355;N61L;0,379750479
356;G62L;
357;T63L;0,654556058
358;I64L;0,826007553
359;D65L;0,629032928
360;F66L;1,029917578
361;P67L;0,973486289
362;E68L;-0,307518305
363;F69L;0,954010554
364;L70L;1
365;T71L;
366;M72L;1,101301896
367;M73L;0,906130178
368;A74L;
369;R75L;1,204536813
370;K76L;0,320410646
371;M77L;1,002523986
372;K78L;0,060898989
373;D79L;0,870293689
374;T80L;1,017155333
375;D81L;
376;S82L;
377;E83L;0,978037203
378;E84L;0,835029137
379;E85L;0,569205344
380;I86L;1,258417273
381;R87L;0,849080147
382;E88L;
383;A89L;0,391290199
384;F90L;0,752242042
385;R91L;0,942695008
386;V92L;1,05381551
387;F93L;0,989892638
388;D94L;0,888267634
389;K95L;
390;D96L;
391;G97L;
392;N98L;
393;G99L;0,142907508
394;Y100L;0,610856586
395;I101L;0,981753466
396;S102L;0,854339725
397;A103L;
398;A104L;0,629449065
399;E105L;
400;L106L;1
401;R107L;1,042391351
402;H108L;1,004852373
403;V109L;
404;M110L;0,989140233
405;T111L;0,927207032
406;N112L;
407;L113L;1
408;G114L;0,692012113
409;E115L;-0,241942673
410;K116L;1,10050682
411;L117L;1
412;T118L;0,805836455
413;D119L;0,792266401
414;E120L;0,903810877
415;E121L;-0,448408944
416;V122L;0,839073819
417;D123L;-0,177318997
418;E124L;0,032846241
419;M125L;1,044512873
420;I126L;0,926973364
421;R127L;1,085186432
422;E128L;0,624194421
423;A129L;0,491519897
424;D130L;0,394621024
425;I131L;0,995231883
426;D132L;-0,136759642
427;G133L;0,200922268
428;D134L;
429;G135L;
430;Q136L;0,945936002
431;V137L;0,377096951
432;N138L;
433;Y139L;-0,329969745
434;E140L;0,23306541
435;E141L;
436;F142L;0,669887435
437;V143L;0,976491478
438;Q144L;1,07738138
439;M145L;0,667713882
440;M146L;0,827819567
441;T147L;
442;A148L;
443;K149L;
444;A2I;
445;D3I;
446;Q4I;
447;L5I;0,329284764
448;T6I;1,015989424
449;E7I;
450;E8I;
451;Q9I;
452;I10I;1
453;A11I;0,641907052
454;E12I;
455;F13I;1,02865727
456;K14I;-0,301558893
457;E15I;1,153820155
458;A16I;1,112082005
459;F17I;0,94243183
460;S18I;
461;L19I;0,565120597
462;F20I;0,973576511
463;D21I;0,109467017
464;K22I;0,988483851
465;D23I;
466;G24I;
467;D25I;
468;G26I;
469;T27I;0,96707796
470;I28I;1
471;T29I;1,008318529
472;T30I;1,020431081
473;K31I;1,009614438
474;E32I;
475;L33I;0,895641602
476;G34I;0,278841988
477;T35I;1,061530473
478;V36I;1,000131051
479;M37I;1,001279102
480;R38I;
481;S39I;0,939279909
482;L40I;1,216954256
483;G41I;
484;Q42I;
485;N43I;1,073335572
486;P44I;0,549438976
487;T45I;0,831773529
488;E46I;1,150326389
489;A47I;0,905615867
490;E48I;0,811636595
491;L49I;0,774220044
492;Q50I;
493;D51I;
494;M52I;0,969968076
495;I53I;1
496;N54I;0,888358786
497;E55I;0,546618325
498;V56I;
499;D57I;
500;A58I;
501;D59I;
502;G60I;
503;N61I;0,895629926
504;G62I;
505;T63I;1,019447893
506;I64I;1
507;D65I;0,647194612
508;F66I;0,683992596
509;P67I;0,83329672
510;E68I;
511;F69I;0,476794511
512;L70I;1,059490994
513;T71I;1,020056637
514;M72I;0,967535422
515;M73I;0,954553852
516;A74I;0,082800709
517;R75I;1,012540179
518;K76I;0,899545578
519;M77I;0,975589177
520;K78I;0,997840773
521;D79I;0,657647455
522;T80I;1,166825861
523;D81I;
524;S82I;0,822789495
525;E83I;0,071817265
526;E84I;1,195694689
527;E85I;1,120115588
528;I86I;1
529;R87I;
530;E88I;
531;A89I;0,910339383
532;F90I;0,760371211
533;R91I;0,156848405
534;V92I;0,983404776
535;F93I;0,3370543
536;D94I;
537;K95I;0,311175273
538;D96I;0,254455661
539;G97I;
540;N98I;0,834465251
541;G99I;
542;Y100I;0,737217151
543;I101I;1
544;S102I;0,6416642
545;A103I;0,934712419
546;A104I;0,103296961
547;E105I;
548;L106I;1,140460002
549;R107I;
550;H108I;1,037999521
551;V109I;0,911423144
552;M110I;0,863656158
553;T111I;1,009588938
554;N112I;0,948908402
555;L113I;0,933255451
556;G114I;
557;E115I;-0,04830473
558;K116I;1,053484141
559;L117I;0,974814527
560;T118I;1,011542154
561;D119I;
562;E120I;0,974716349
563;E121I;0,500198646
564;V122I;0,96720279
565;D123I;1,16644489
566;E124I;0,889364247
567;M125I;0,8817295
568;I126I;1
569;R127I;0,937726549
570;E128I;
571;A129I;-0,28014748
572;D130I;0,124216641
573;I131I;1
574;D132I;
575;G133I;
576;D134I;
577;G135I;
578;Q136I;0,732187255
579;V137I;0,997183032
580;N138I;1,032543176
581;Y139I;0,277206505
582;E140I;0,977613089
583;E141I;0,580959181
584;F142I;0,240822061
585;V143I;0,990256121
586;Q144I;
587;M145I;0,735042704
588;M146I;0,884788445
589;T147I;1,03697411
590;A148I;
591;K149I;0,829928782
592;A2M;
593;D3M;
594;Q4M;
595;L5M;0,961242648
596;T6M;1,112373714
597;E7M;
598;E8M;
599;Q9M;
600;I10M;0,742967387
601;A11M;0,397339731
602;E12M;
603;F13M;-0,08070051
604;K14M;0,664535493
605;E15M;0,114197732
606;A16M;1,002794781
607;F17M;
608;S18M;
609;L19M;
610;F20M;
611;D21M;
612;K22M;0,569188124
613;D23M;
614;G24M;
615;D25M;
616;G26M;
617;T27M;0,908578534
618;I28M;1,149274164
619;T29M;0,583004634
620;T30M;0,35479616
621;K31M;0,869703693
622;E32M;0,361979865
623;L33M;0,376054591
624;G34M;
625;T35M;0,205508121
626;V36M;0,87542903
627;M37M;1
628;R38M;1,038411117
629;S39M;
630;L40M;1,099072609
631;G41M;
632;Q42M;
633;N43M;
634;P44M;
635;T45M;
636;E46M;1,23317896
637;A47M;1,17944758
638;E48M;1,164043251
639;L49M;0,868775928
640;Q50M;
641;D51M;
642;M52M;1
643;I53M;1,199589135
644;N54M;0,866721759
645;E55M;0,919693153
646;V56M;0,922478194
647;D57M;
648;A58M;
649;D59M;
650;G60M;
651;N61M;0,241205441
652;G62M;0,869272179
653;T63M;0,372642106
654;I64M;0,929788413
655;D65M;0,874758057
656;F66M;
657;P67M;
658;E68M;
659;F69M;-0,152221077
660;L70M;0,970860249
661;T71M;1,20083592
662;M72M;1
663;M73M;1
664;A74M;
665;R75M;1,093353536
666;K76M;
667;M77M;1
668;K78M;-0,237248455
669;D79M;
670;T80M;1,018712801
671;D81M;
672;S82M;
673;E83M;0,712693173
674;E84M;
675;E85M;1,161497761
676;I86M;
677;R87M;
678;E88M;
679;A89M;
680;F90M;
681;R91M;
682;V92M;
683;F93M;
684;D94M;
685;K95M;0,359352971
686;D96M;
687;G97M;
688;N98M;1,183505126
689;G99M;
690;Y100M;
691;I101M;
692;S102M;0,526174607
693;A103M;1,18838412
694;A104M;
695;E105M;
696;L106M;
697;R107M;
698;H108M;
699;V109M;0,93281649
700;M110M;1
701;T111M;0,369519708
702;N112M;
703;L113M;0,121066866
704;G114M;
705;E115M;1,108007251
706;K116M;0,757306794
707;L117M;-0,27446093
708;T118M;0,885534852
709;D119M;
710;E120M;0,346092148
711;E121M;
712;V122M;1,094205089
713;D123M;
714;E124M;
715;M125M;1
716;I126M;1,112311788
717;R127M;0,897609099
718;E128M;
719;A129M;
720;D130M;
721;I131M;1,013875965
722;D132M;
723;G133M;
724;D134M;
725;G135M;0,355500095
726;Q136M;-0,265881418
727;V137M;
728;N138M;
729;Y139M;
730;E140M;1,046763013
731;E141M;0,588621968
732;F142M;
733;V143M;1,089560604
734;Q144M;
735;M145M;1
736;M146M;1
737;T147M;
738;A148M;
739;K149M;0,628895161
740;A2F;1,176677323
741;D3F;-0,068259763
742;Q4F;
743;L5F;
744;T6F;
745;E7F;1,00664324
746;E8F;
747;Q9F;1,242118037
748;I10F;0,898633722
749;A11F;0,730098644
750;E12F;
751;F13F;1
752;K14F;-0,151138584
753;E15F;
754;A16F;0,64910128
755;F17F;1
756;S18F;1,004281046
757;L19F;
758;F20F;1
759;D21F;1,163483013
760;K22F;0,678165431
761;D23F;
762;G24F;
763;D25F;
764;G26F;
765;T27F;0,377752346
766;I28F;1,057794643
767;T29F;0,691682058
768;T30F;
769;K31F;0,732817894
770;E32F;
771;L33F;1,082531178
772;G34F;
773;T35F;0,892512032
774;V36F;1,041212962
775;M37F;
776;R38F;
777;S39F;
778;L40F;0,280977132
779;G41F;
780;Q42F;
781;N43F;1,258475745
782;P44F;
783;T45F;1,129289012
784;E46F;0,344979791
785;A47F;0,306286083
786;E48F;1,038337243
787;L49F;0,986985567
788;Q50F;
789;D51F;
790;M52F;0,043443525
791;I53F;0,987392612
792;N54F;0,232349125
793;E55F;0,200420378
794;V56F;
795;D57F;0,649857294
796;A58F;0,527894664
797;D59F;1,005690739
798;G60F;
799;N61F;0,35639951
800;G62F;
801;T63F;0,618161786
802;I64F;1,053310994
803;D65F;0,558616321
804;F66F;1
805;P67F;1,008608608
806;E68F;-0,027345338
807;F69F;1
808;L70F;0,683793861
809;T71F;0,044176868
810;M72F;1,210079715
811;M73F;1,164744707
812;A74F;
813;R75F;
814;K76F;
815;M77F;
816;K78F;-0,168338252
817;D79F;0,855012558
818;T80F;0,437961853
819;D81F;
820;S82F;
821;E83F;
822;E84F;0,832662607
823;E85F;0,240776467
824;I86F;0,835278139
825;R87F;1,025951108
826;E88F;0,392326243
827;A89F;
828;F90F;1
829;R91F;
830;V92F;1,065996253
831;F93F;1
832;D94F;0,313398309
833;K95F;
834;D96F;
835;G97F;0,342654969
836;N98F;0,941819079
837;G99F;0,622507482
838;Y100F;0,831775091
839;I101F;1,086639187
840;S102F;0,488623139
841;A103F;0,223025163
842;A104F;
843;E105F;
844;L106F;
845;R107F;0,369355119
846;H108F;1,10620188
847;V109F;1,033636766
848;M110F;-0,184440019
849;T111F;0,658946092
850;N112F;
851;L113F;0,987468865
852;G114F;0,366477662
853;E115F;
854;K116F;0,298791533
855;L117F;0,638515672
856;T118F;0,918006044
857;D119F;0,813726976
858;E120F;1,146141961
859;E121F;
860;V122F;0,267682946
861;D123F;0,958699482
862;E124F;
863;M125F;0,614239334
864;I126F;0,857644433
865;R127F;0,576522831
866;E128F;
867;A129F;
868;D130F;0,0757705
869;I131F;1,057189431
870;D132F;1,117699071
871;G133F;
872;D134F;0,324481442
873;G135F;
874;Q136F;
875;V137F;0,773580754
876;N138F;1,110235847
877;Y139F;1,028252996
878;E140F;0,475749555
879;E141F;-0,123335516
880;F142F;1
881;V143F;
882;Q144F;
883;M145F;
884;M146F;
885;T147F;0,389537153
886;A148F;
887;K149F;
888;A2Y;0,495379177
889;D3Y;0,674421808
890;Q4Y;
891;L5Y;
892;T6Y;
893;E7Y;0,596024829
894;E8Y;
895;Q9Y;1,032176346
896;I10Y;
897;A11Y;-0,218534157
898;E12Y;
899;F13Y;1,063542673
900;K14Y;0,344328694
901;E15Y;0,863031446
902;A16Y;0,891452035
903;F17Y;0,545228096
904;S18Y;0,872420246
905;L19Y;
906;F20Y;1,154236658
907;D21Y;0,950099144
908;K22Y;0,617691046
909;D23Y;0,959515052
910;G24Y;0,671345603
911;D25Y;
912;G26Y;
913;T27Y;0,289580338
914;I28Y;
915;T29Y;
916;T30Y;
917;K31Y;0,89402598
918;E32Y;
919;L33Y;0,628086854
920;G34Y;
921;T35Y;0,046334879
922;V36Y;
923;M37Y;
924;R38Y;
925;S39Y;1,246639242
926;L40Y;0,071005315
927;G41Y;
928;Q42Y;
929;N43Y;1,014852708
930;P44Y;
931;T45Y;
932;E46Y;0,090046741
933;A47Y;
934;E48Y;0,964770785
935;L49Y;1,215266703
936;Q50Y;
937;D51Y;0,903058251
938;M52Y;
939;I53Y;
940;N54Y;1,050654901
941;E55Y;0,710310278
942;V56Y;
943;D57Y;0,939742966
944;A58Y;
945;D59Y;0,812729854
946;G60Y;0,938467388
947;N61Y;0,822497229
948;G62Y;
949;T63Y;
950;I64Y;1,032772713
951;D65Y;1,065230473
952;F66Y;1,000765973
953;P67Y;
954;E68Y;0,531448105
955;F69Y;0,788967122
956;L70Y;0,893036247
957;T71Y;-0,057197002
958;M72Y;
959;M73Y;
960;A74Y;
961;R75Y;
962;K76Y;1,244003201
963;M77Y;
964;K78Y;0,909266046
965;D79Y;0,936794094
966;T80Y;0,400147714
967;D81Y;0,737502848
968;S82Y;
969;E83Y;0,394643866
970;E84Y;0,863779189
971;E85Y;0,926085055
972;I86Y;
973;R87Y;0,929906748
974;E88Y;
975;A89Y;
976;F90Y;0,981231432
977;R91Y;
978;V92Y;
979;F93Y;0,947244256
980;D94Y;0,745711332
981;K95Y;
982;D96Y;0,462986841
983;G97Y;
984;N98Y;0,892989935
985;G99Y;0,898240292
986;Y100Y;1
987;I101Y;
988;S102Y;
989;A103Y;0,020951105
990;A104Y;
991;E105Y;
992;L106Y;
993;R107Y;
994;H108Y;1,033808166
995;V109Y;
996;M110Y;
997;T111Y;
998;N112Y;0,87512608
999;L113Y;0,433860672
1000;G114Y;0,495129228
1001;E115Y;1,18035036
1002;K116Y;0,496624131
1003;L117Y;
1004;T118Y;1,045753133
1005;D119Y;0,975626659
1006;E120Y;1,04280085
1007;E121Y;0,919160184
1008;V122Y;
1009;D123Y;0,966193788
1010;E124Y;0,245476424
1011;M125Y;
1012;I126Y;
1013;R127Y;
1014;E128Y;
1015;A129Y;0,151250993
1016;D130Y;0,832870117
1017;I131Y;0,946937386
1018;D132Y;0,782131242
1019;G133Y;
1020;D134Y;0,428566091
1021;G135Y;
1022;Q136Y;
1023;V137Y;
1024;N138Y;1,168619662
1025;Y139Y;1
1026;E140Y;0,976788933
1027;E141Y;0,014043856
1028;F142Y;0,956376437
1029;V143Y;
1030;Q144Y;0,815051194
1031;M145Y;
1032;M146Y;
1033;T147Y;
1034;A148Y;
1035;K149Y;
1036;A2W;0,314116568
1037;D3W;
1038;Q4W;
1039;L5W;0,358600647
1040;T6W;
1041;E7W;
1042;E8W;
1043;Q9W;1,230036298
1044;I10W;
1045;A11W;
1046;E12W;
1047;F13W;0,878195838
1048;K14W;
1049;E15W;0,583146294
1050;A16W;0,929396955
1051;F17W;
1052;S18W;0,853983998
1053;L19W;
1054;F20W;
1055;D21W;1,043274267
1056;K22W;0,042774746
1057;D23W;
1058;G24W;
1059;D25W;
1060;G26W;
1061;T27W;0,521905285
1062;I28W;0,391551693
1063;T29W;
1064;T30W;
1065;K31W;0,899961655
1066;E32W;
1067;L33W;-0,337633593
1068;G34W;
1069;T35W;0,976167386
1070;V36W;0,243892608
1071;M37W;1,136690756
1072;R38W;1,037466419
1073;S39W;1,157294694
1074;L40W;0,425504045
1075;G41W;
1076;Q42W;0,461104301
1077;N43W;0,273596275
1078;P44W;
1079;T45W;0,739125709
1080;E46W;0,829315224
1081;A47W;0,90553622
1082;E48W;1,072814275
1083;L49W;0,878971865
1084;Q50W;0,735772977
1085;D51W;
1086;M52W;0,653682725
1087;I53W;0,571049682
1088;N54W;0,837713445
1089;E55W;1,043863151
1090;V56W;
1091;D57W;1,106427106
1092;A58W;
1093;D59W;
1094;G60W;
1095;N61W;
1096;G62W;
1097;T63W;0,545119334
1098;I64W;
1099;D65W;1,025041965
1100;F66W;0,211101532
1101;P67W;
1102;E68W;0,761505505
1103;F69W;
1104;L70W;0,994874847
1105;T71W;
1106;M72W;0,99286614
1107;M73W;
1108;A74W;
1109;R75W;0,705572151
1110;K76W;1,134565577
1111;M77W;
1112;K78W;0,045458688
1113;D79W;1,083265126
1114;T80W;0,494819134
1115;D81W;
1116;S82W;
1117;E83W;0,959415819
1118;E84W;
1119;E85W;
1120;I86W;
1121;R87W;1,189601212
1122;E88W;
1123;A89W;
1124;F90W;
1125;R91W;0,346535139
1126;V92W;
1127;F93W;
1128;D94W;0,254455661
1129;K95W;
1130;D96W;0,570869736
1131;G97W;-0,113005476
1132;N98W;
1133;G99W;0,786538557
1134;Y100W;
1135;I101W;
1136;S102W;1,31477184
1137;A103W;
1138;A104W;
1139;E105W;
1140;L106W;
1141;R107W;
1142;H108W;
1143;V109W;
1144;M110W;
1145;T111W;0,204951863
1146;N112W;
1147;L113W;0,179910038
1148;G114W;0,677848894
1149;E115W;0,495792032
1150;K116W;
1151;L117W;
1152;T118W;0,249992723
1153;D119W;0,780616597
1154;E120W;0,914226122
1155;E121W;
1156;V122W;0,481991482
1157;D123W;0,770188665
1158;E124W;
1159;M125W;0,02607438
1160;I126W;0,654429166
1161;R127W;0,876488809
1162;E128W;
1163;A129W;
1164;D130W;-0,323775903
1165;I131W;1,127111926
1166;D132W;
1167;G133W;-0,022114823
1168;D134W;
1169;G135W;
1170;Q136W;-0,049102238
1171;V137W;1,052396215
1172;N138W;
1173;Y139W;0,870018026
1174;E140W;
1175;E141W;
1176;F142W;
1177;V143W;
1178;Q144W;0,560539696
1179;M145W;
1180;M146W;
1181;T147W;
1182;A148W;
1183;K149W;
1184;A2R;
1185;D3R;1,286710598
1186;Q4R;1,004102078
1187;L5R;0,777645912
1188;T6R;
1189;E7R;0,857060013
1190;E8R;0,052494266
1191;Q9R;0,997837226
1192;I10R;0,343788286
1193;A11R;0,076061663
1194;E12R;0,335364162
1195;F13R;-0,029920635
1196;K14R;0,89988664
1197;E15R;0,36934411
1198;A16R;0,481542598
1199;F17R;-0,0905695
1200;S18R;1,091964133
1201;L19R;0,478781244
1202;F20R;
1203;D21R;0,860405619
1204;K22R;1,060521494
1205;D23R;0,779775081
1206;G24R;0,93154378
1207;D25R;
1208;G26R;1,202396081
1209;T27R;0,957891588
1210;I28R;1,036936607
1211;T29R;0,444667238
1212;T30R;1,255658288
1213;K31R;0,98440205
1214;E32R;
1215;L33R;0,419508943
1216;G34R;1,022893964
1217;T35R;0,857755951
1218;V36R;0,068953294
1219;M37R;0,759884385
1220;R38R;1
1221;S39R;1,000352223
1222;L40R;0,744145987
1223;G41R;1,002813031
1224;Q42R;1,034415454
1225;N43R;1,3165085
1226;P44R;0,769846536
1227;T45R;0,972826642
1228;E46R;0,889879416
1229;A47R;0,986794522
1230;E48R;0,653281775
1231;L49R;1,109869157
1232;Q50R;1,078812518
1233;D51R;0,433640142
1234;M52R;0,781358039
1235;I53R;1,045942895
1236;N54R;0,578475833
1237;E55R;1,137948982
1238;V56R;0,484502638
1239;D57R;1,181133677
1240;A58R;
1241;D59R;
1242;G60R;0,83907268
1243;N61R;0,21201267
1244;G62R;1,067896398
1245;T63R;0,913864206
1246;I64R;0,565060863
1247;D65R;0,145822835
1248;F66R;0,559270629
1249;P67R;0,82235058
1250;E68R;-0,114099782
1251;F69R;0,06553535
1252;L70R;1,105084932
1253;T71R;0,91270463
1254;M72R;0,812293964
1255;M73R;0,940545608
1256;A74R;0,673567477
1257;R75R;1
1258;K76R;1,003263764
1259;M77R;1,01519136
1260;K78R;1,015059818
1261;D79R;0,968858102
1262;T80R;0,804657929
1263;D81R;
1264;S82R;1,00243724
1265;E83R;0,033609269
1266;E84R;0,962503458
1267;E85R;1,033103504
1268;I86R;0,311175273
1269;R87R;1
1270;E88R;0,201842001
1271;A89R;
1272;F90R;0,108160953
1273;R91R;1
1274;V92R;
1275;F93R;
1276;D94R;0,076475831
1277;K95R;1,060906743
1278;D96R;
1279;G97R;1,099574611
1280;N98R;
1281;G99R;0,90245466
1282;Y100R;0,889233839
1283;I101R;-0,105120074
1284;S102R;0,962852324
1285;A103R;1,062652689
1286;A104R;0,889512099
1287;E105R;
1288;L106R;-0,120839329
1289;R107R;1
1290;H108R;1,005889263
1291;V109R;
1292;M110R;0,23006486
1293;T111R;
1294;N112R;1,281795096
1295;L113R;0,084576083
1296;G114R;0,611547236
1297;E115R;
1298;K116R;1,011818301
1299;L117R;0,590657032
1300;T118R;0,863057734
1301;D119R;0,915663579
1302;E120R;
1303;E121R;0,922914156
1304;V122R;0,487905866
1305;D123R;0,939152928
1306;E124R;0,965523298
1307;M125R;0,447215493
1308;I126R;0,460835625
1309;R127R;1
1310;E128R;0,173438195
1311;A129R;0,682842679
1312;D130R;0,309318063
1313;I131R;1,028647986
1314;D132R;0,338030122
1315;G133R;0,948883894
1316;D134R;0,448864516
1317;G135R;0,914977326
1318;Q136R;1,043282768
1319;V137R;
1320;N138R;0,254781759
1321;Y139R;0,243579125
1322;E140R;0,127934822
1323;E141R;0,597415466
1324;F142R;
1325;V143R;
1326;Q144R;1,013176023
1327;M145R;0,28207582
1328;M146R;0,167927898
1329;T147R;
1330;A148R;
1331;K149R;1,00077846
1332;A2H;
1333;D3H;0,629307562
1334;Q4H;0,666368724
1335;L5H;0,168816917
1336;T6H;
1337;E7H;0,172293131
1338;E8H;
1339;Q9H;0,960526846
1340;I10H;
1341;A11H;
1342;E12H;0,910098846
1343;F13H;
1344;K14H;0,224109282
1345;E15H;0,920838846
1346;A16H;0,272198258
1347;F17H;0,791024607
1348;S18H;
1349;L19H;
1350;F20H;0,644729899
1351;D21H;0,693778304
1352;K22H;0,358686172
1353;D23H;1,021058603
1354;G24H;
1355;D25H;0,704175578
1356;G26H;
1357;T27H;0,410456254
1358;I28H;
1359;T29H;
1360;T30H;
1361;K31H;1,124309279
1362;E32H;1,260742258
1363;L33H;0,743198115
1364;G34H;
1365;T35H;
1366;V36H;
1367;M37H;
1368;R38H;0,203018521
1369;S39H;
1370;L40H;1,197702605
1371;G41H;0,197309297
1372;Q42H;1,029907067
1373;N43H;1,092114166
1374;P44H;0,891232755
1375;T45H;
1376;E46H;0,641057412
1377;A47H;0,908475988
1378;E48H;0,301281086
1379;L49H;
1380;Q50H;0,958459023
1381;D51H;0,148057456
1382;M52H;
1383;I53H;
1384;N54H;0,807505591
1385;E55H;1,062127081
1386;V56H;
1387;D57H;0,795007799
1388;A58H;
1389;D59H;1,222959647
1390;G60H;
1391;N61H;-0,106885018
1392;G62H;1,118499177
1393;T63H;
1394;I64H;
1395;D65H;0,361775294
1396;F66H;0,435152382
1397;P67H;0,882554547
1398;E68H;
1399;F69H;
1400;L70H;
1401;T71H;
1402;M72H;
1403;M73H;
1404;A74H;0,652020707
1405;R75H;
1406;K76H;0,87492243
1407;M77H;
1408;K78H;0,297383456
1409;D79H;0,829268023
1410;T80H;
1411;D81H;
1412;S82H;
1413;E83H;1,036522161
1414;E84H;
1415;E85H;0,471483679
1416;I86H;
1417;R87H;0,92806438
1418;E88H;0,311175273
1419;A89H;
1420;F90H;
1421;R91H;
1422;V92H;
1423;F93H;0,929906748
1424;D94H;0,894603548
1425;K95H;1,129447245
1426;D96H;0,565033424
1427;G97H;
1428;N98H;0,917188851
1429;G99H;
1430;Y100H;1,053382931
1431;I101H;
1432;S102H;0,88295459
1433;A103H;
1434;A104H;
1435;E105H;
1436;L106H;0,874403628
1437;R107H;0,991593182
1438;H108H;1
1439;V109H;
1440;M110H;
1441;T111H;
1442;N112H;0,806513695
1443;L113H;0,187705816
1444;G114H;
1445;E115H;1,01204116
1446;K116H;1,23436288
1447;L117H;0,08126261
1448;T118H;
1449;D119H;0,856373819
1450;E120H;1,081391547
1451;E121H;
1452;V122H;0,658626054
1453;D123H;0,501616015
1454;E124H;
1455;M125H;
1456;I126H;
1457;R127H;
1458;E128H;0,88630874
1459;A129H;
1460;D130H;0,740262119
1461;I131H;1,099966055
1462;D132H;
1463;G133H;
1464;D134H;
1465;G135H;
1466;Q136H;0,85961019
1467;V137H;
1468;N138H;0,932006007
1469;Y139H;0,990003301
1470;E140H;
1471;E141H;
1472;F142H;
1473;V143H;
1474;Q144H;0,880913188
1475;M145H;
1476;M146H;
1477;T147H;
1478;A148H;
1479;K149H;
1480;A2K;
1481;D3K;1,031126132
1482;Q4K;0,950653159
1483;L5K;0,913133042
1484;T6K;
1485;E7K;0,792803203
1486;E8K;0,73657239
1487;Q9K;0,883157248
1488;I10K;-0,083448478
1489;A11K;
1490;E12K;0,928186619
1491;F13K;
1492;K14K;1
1493;E15K;0,783603326
1494;A16K;0,233043285
1495;F17K;
1496;S18K;
1497;L19K;
1498;F20K;
1499;D21K;0,182162121
1500;K22K;1
1501;D23K;1,325729201
1502;G24K;
1503;D25K;
1504;G26K;
1505;T27K;0,53270345
1506;I28K;0,774984071
1507;T29K;1,070045576
1508;T30K;0,187089461
1509;K31K;1
1510;E32K;0,981114934
1511;L33K;
1512;G34K;0,371496507
1513;T35K;
1514;V36K;
1515;M37K;0,930882382
1516;R38K;0,958422196
1517;S39K;0,473320793
1518;L40K;1,042061605
1519;G41K;
1520;Q42K;0,58066047
1521;N43K;0,910030751
1522;P44K;
1523;T45K;1,029261811
1524;E46K;0,628984072
1525;A47K;0,831235356
1526;E48K;0,739200732
1527;L49K;
1528;Q50K;1,050672608
1529;D51K;
1530;M52K;0,74730935
1531;I53K;1,142736714
1532;N54K;0,828354781
1533;E55K;0,943976839
1534;V56K;1,342465276
1535;D57K;0,830346754
1536;A58K;
1537;D59K;
1538;G60K;
1539;N61K;0,777020396
1540;G62K;
1541;T63K;0,783883003
1542;I64K;
1543;D65K;0,693405644
1544;F66K;
1545;P67K;0,370219708
1546;E68K;1,006430651
1547;F69K;
1548;L70K;1,074402524
1549;T71K;1,028359914
1550;M72K;0,609601754
1551;M73K;1,084492285
1552;A74K;
1553;R75K;0,992882059
1554;K76K;1
1555;M77K;0,694502054
1556;K78K;1
1557;D79K;0,814670164
1558;T80K;0,868010732
1559;D81K;
1560;S82K;0,684650851
1561;E83K;0,925258211
1562;E84K;0,869304367
1563;E85K;0,479154495
1564;I86K;
1565;R87K;0,760219572
1566;E88K;0,958705766
1567;A89K;
1568;F90K;
1569;R91K;
1570;V92K;
1571;F93K;
1572;D94K;
1573;K95K;1
1574;D96K;
1575;G97K;1,215224144
1576;N98K;1,072838976
1577;G99K;
1578;Y100K;
1579;I101K;
1580;S102K;
1581;A103K;0,926617881
1582;A104K;0,237999376
1583;E105K;0,618333475
1584;L106K;0,343083872
1585;R107K;
1586;H108K;
1587;V109K;
1588;M110K;0,635908349
1589;T111K;0,581885606
1590;N112K;0,712212202
1591;L113K;0,384999239
1592;G114K;0,359594274
1593;E115K;0,961644245
1594;K116K;1
1595;L117K;
1596;T118K;0,900117532
1597;D119K;0,862635994
1598;E120K;0,80858158
1599;E121K;0,79951764
1600;V122K;0,852351763
1601;D123K;0,612514912
1602;E124K;1,000060874
1603;M125K;
1604;I126K;
1605;R127K;0,899282722
1606;E128K;0,845604409
1607;A129K;1,149574239
1608;D130K;-0,139923166
1609;I131K;0,596408833
1610;D132K;
1611;G133K;0,867834484
1612;D134K;-0,237671426
1613;G135K;0,671746674
1614;Q136K;
1615;V137K;
1616;N138K;0,978651375
1617;Y139K;0,455281449
1618;E140K;0,930718799
1619;E141K;0,685215355
1620;F142K;
1621;V143K;1,211384484
1622;Q144K;0,736522838
1623;M145K;0,824815167
1624;M146K;0,553869939
1625;T147K;
1626;A148K;
1627;K149K;1
1628;A2D;1,092254695
1629;D3D;1
1630;Q4D;
1631;L5D;0,583454892
1632;T6D;
1633;E7D;1,084283964
1634;E8D;0,955527975
1635;Q9D;0,642383024
1636;I10D;0,377003276
1637;A11D;1,043532771
1638;E12D;1,037669882
1639;F13D;1,174801833
1640;K14D;1,019491591
1641;E15D;1,024003689
1642;A16D;0,549348851
1643;F17D;
1644;S18D;
1645;L19D;
1646;F20D;0,56669001
1647;D21D;1
1648;K22D;0,377230125
1649;D23D;1
1650;G24D;1,007963713
1651;D25D;1
1652;G26D;0,944596587
1653;T27D;0,637525848
1654;I28D;
1655;T29D;
1656;T30D;
1657;K31D;0,240392993
1658;E32D;1,047601254
1659;L33D;
1660;G34D;0,084093823
1661;T35D;
1662;V36D;0,886155965
1663;M37D;
1664;R38D;
1665;S39D;
1666;L40D;
1667;G41D;1,029489079
1668;Q42D;0,095887137
1669;N43D;0,945224253
1670;P44D;
1671;T45D;-0,36448764
1672;E46D;0,866551192
1673;A47D;0,833472591
1674;E48D;1,085314669
1675;L49D;
1676;Q50D;
1677;D51D;1
1678;M52D;
1679;I53D;0,614441708
1680;N54D;1,018075881
1681;E55D;0,954925946
1682;V56D;
1683;D57D;1
1684;A58D;0,889496286
1685;D59D;1
1686;G60D;1,085794222
1687;N61D;0,958264352
1688;G62D;0,926664672
1689;T63D;0,442127232
1690;I64D;
1691;D65D;1
1692;F66D;0,048144131
1693;P67D;
1694;E68D;0,86766648
1695;F69D;
1696;L70D;0,193821091
1697;T71D;-0,113005476
1698;M72D;
1699;M73D;
1700;A74D;0,786374193
1701;R75D;
1702;K76D;0,771699711
1703;M77D;
1704;K78D;0,724976263
1705;D79D;1
1706;T80D;0,707516107
1707;D81D;1
1708;S82D;-0,162362364
1709;E83D;0,721687824
1710;E84D;1,052741669
1711;E85D;0,709470805
1712;I86D;
1713;R87D;
1714;E88D;0,967991608
1715;A89D;-0,370555063
1716;F90D;
1717;R91D;
1718;V92D;0,494790965
1719;F93D;
1720;D94D;1
1721;K95D;0,081052638
1722;D96D;1
1723;G97D;0,99112054
1724;N98D;0,930354145
1725;G99D;1,03266413
1726;Y100D;1,032568623
1727;I101D;
1728;S102D;0,785019223
1729;A103D;0,974714031
1730;A104D;0,118320372
1731;E105D;0,984630162
1732;L106D;
1733;R107D;
1734;H108D;1,110498073
1735;V109D;0,108202064
1736;M110D;
1737;T111D;
1738;N112D;1,081308493
1739;L113D;
1740;G114D;0,314612453
1741;E115D;0,919473216
1742;K116D;-0,013825536
1743;L117D;-0,059147953
1744;T118D;1,034696831
1745;D119D;1
1746;E120D;0,878811727
1747;E121D;1,00846542
1748;V122D;0,685787916
1749;D123D;1
1750;E124D;0,695878575
1751;M125D;
1752;I126D;
1753;R127D;
1754;E128D;1,099289733
1755;A129D;-0,065212583
1756;D130D;1
1757;I131D;
1758;D132D;1
1759;G133D;0,648941629
1760;D134D;1
1761;G135D;
1762;Q136D;0,401076467
1763;V137D;0,402703316
1764;N138D;1,00192295
1765;Y139D;1,051483523
1766;E140D;0,863566898
1767;E141D;0,934417751
1768;F142D;
1769;V143D;
1770;Q144D;0,568557389
1771;M145D;
1772;M146D;
1773;T147D;
1774;A148D;0,509216157
1775;K149D;
1776;A2E;1,171123539
1777;D3E;0,995137116
1778;Q4E;
1779;L5E;0,774944302
1780;T6E;
1781;E7E;1
1782;E8E;1
1783;Q9E;0,85220818
1784;I10E;0,869456461
1785;A11E;-0,107078626
1786;E12E;1
1787;F13E;
1788;K14E;1,0052625
1789;E15E;1
1790;A16E;0,215944868
1791;F17E;
1792;S18E;
1793;L19E;
1794;F20E;
1795;D21E;1,088637786
1796;K22E;1,025918299
1797;D23E;0,95519082
1798;G24E;
1799;D25E;0,760371022
1800;G26E;
1801;T27E;0,604743049
1802;I28E;
1803;T29E;
1804;T30E;0,671345603
1805;K31E;1,089758013
1806;E32E;1
1807;L33E;-0,125217363
1808;G34E;0,964021054
1809;T35E;
1810;V36E;0,971263924
1811;M37E;
1812;R38E;1,144219728
1813;S39E;0,223925
1814;L40E;
1815;G41E;1,278816595
1816;Q42E;0,509031971
1817;N43E;
1818;P44E;
1819;T45E;1,202987727
1820;E46E;1
1821;A47E;1,14647242
1822;E48E;1
1823;L49E;1,192023531
1824;Q50E;0,971762411
1825;D51E;0,886263364
1826;M52E;0,665730655
1827;I53E;
1828;N54E;0,445020971
1829;E55E;1
1830;V56E;0,753244554
1831;D57E;1,052452512
1832;A58E;1,123224546
1833;D59E;1,032598811
1834;G60E;
1835;N61E;
1836;G62E;1,12098354
1837;T63E;0,35615373
1838;I64E;
1839;D65E;0,991429367
1840;F66E;-0,151755057
1841;P67E;0,726088552
1842;E68E;1
1843;F69E;
1844;L70E;-0,03090547
1845;T71E;
1846;M72E;0,254887852
1847;M73E;0,804995214
1848;A74E;0,209155766
1849;R75E;1,12073487
1850;K76E;1,042861714
1851;M77E;0,342552225
1852;K78E;1,02091109
1853;D79E;0,926952113
1854;T80E;0,882626248
1855;D81E;1,182460073
1856;S82E;
1857;E83E;1
1858;E84E;1
1859;E85E;1
1860;I86E;
1861;R87E;
1862;E88E;1
1863;A89E;0,103758961
1864;F90E;
1865;R91E;
1866;V92E;
1867;F93E;
1868;D94E;
1869;K95E;0,942013218
1870;D96E;0,877766583
1871;G97E;1,028354494
1872;N98E;
1873;G99E;
1874;Y100E;
1875;I101E;
1876;S102E;
1877;A103E;
1878;A104E;
1879;E105E;1
1880;L106E;
1881;R107E;
1882;H108E;
1883;V109E;0,039362497
1884;M110E;
1885;T111E;1,132086095
1886;N112E;
1887;L113E;0,376724475
1888;G114E;0,510176075
1889;E115E;1
1890;K116E;0,961087941
1891;L117E;
1892;T118E;0,971875818
1893;D119E;1,131747921
1894;E120E;1
1895;E121E;1
1896;V122E;0,439997097
1897;D123E;0,845982001
1898;E124E;1
1899;M125E;0,376528576
1900;I126E;
1901;R127E;0,044758571
1902;E128E;1
1903;A129E;0,33077361
1904;D130E;0,929297712
1905;I131E;
1906;D132E;0,827152384
1907;G133E;0,986830742
1908;D134E;1,057930367
1909;G135E;0,937528842
1910;Q136E;1,005190434
1911;V137E;
1912;N138E;
1913;Y139E;
1914;E140E;1
1915;E141E;1
1916;F142E;
1917;V143E;1,123703615
1918;Q144E;1,194164887
1919;M145E;
1920;M146E;
1921;T147E;
1922;A148E;
1923;K149E;0,96721705
1924;A2S;0,944553297
1925;D3S;0,404668589
1926;Q4S;
1927;L5S;1,103692176
1928;T6S;1,059080057
1929;E7S;
1930;E8S;0,741353332
1931;Q9S;0,784515312
1932;I10S;0,962166047
1933;A11S;0,867244916
1934;E12S;
1935;F13S;0,9333728
1936;K14S;0,57641217
1937;E15S;1,09409419
1938;A16S;0,90669121
1939;F17S;0,756671541
1940;S18S;1
1941;L19S;0,663739418
1942;F20S;0,932716024
1943;D21S;0,913119898
1944;K22S;0,940385679
1945;D23S;-0,2264668
1946;G24S;0,945367815
1947;D25S;
1948;G26S;0,913115287
1949;T27S;0,963773447
1950;I28S;0,831656567
1951;T29S;0,693731358
1952;T30S;0,995990257
1953;K31S;0,619297997
1954;E32S;
1955;L33S;0,861483096
1956;G34S;1,253310969
1957;T35S;0,970794338
1958;V36S;0,551666599
1959;M37S;0,377568064
1960;R38S;0,806948796
1961;S39S;1
1962;L40S;0,885261627
1963;G41S;0,944452474
1964;Q42S;
1965;N43S;1,074389027
1966;P44S;0,967171666
1967;T45S;0,925969887
1968;E46S;0,337697856
1969;A47S;1,006393883
1970;E48S;0,569104482
1971;L49S;0,897901757
1972;Q50S;
1973;D51S;0,916132391
1974;M52S;0,686408529
1975;I53S;0,634181277
1976;N54S;0,89713646
1977;E55S;1,07515705
1978;V56S;
1979;D57S;0,505424211
1980;A58S;0,764369269
1981;D59S;0,781072871
1982;G60S;1,068582571
1983;N61S;1,032722579
1984;G62S;0,998753077
1985;T63S;0,663678042
1986;I64S;0,901326214
1987;D65S;1,072350141
1988;F66S;0,946226136
1989;P67S;0,943648913
1990;E68S;
1991;F69S;0,716532851
1992;L70S;1,046507783
1993;T71S;0,626644302
1994;M72S;
1995;M73S;0,117944069
1996;A74S;0,944881174
1997;R75S;0,932215265
1998;K76S;0,755608845
1999;M77S;1,161723807
2000;K78S;1,069518065
2001;D79S;0,513569315
2002;T80S;0,931539336
2003;D81S;-0,157671754
2004;S82S;1
2005;E83S;
2006;E84S;
2007;E85S;-0,157744474
2008;I86S;0,728306422
2009;R87S;0,741256642
2010;E88S;
2011;A89S;1,063484685
2012;F90S;0,277618156
2013;R91S;
2014;V92S;
2015;F93S;0,155336041
2016;D94S;-0,090933727
2017;K95S;1,191236694
2018;D96S;0,500862007
2019;G97S;0,937666137
2020;N98S;0,90223041
2021;G99S;1,105520259
2022;Y100S;0,739810774
2023;I101S;0,439057862
2024;S102S;1
2025;A103S;0,919941042
2026;A104S;0,947809338
2027;E105S;0,082960506
2028;L106S;0,408535185
2029;R107S;0,349669554
2030;H108S;0,980471053
2031;V109S;
2032;M110S;0,281397463
2033;T111S;0,787720236
2034;N112S;1,035093992
2035;L113S;0,808304669
2036;G114S;
2037;E115S;0,57756075
2038;K116S;0,721249158
2039;L117S;0,996138574
2040;T118S;0,960101173
2041;D119S;1,089562427
2042;E120S;1,14291237
2043;E121S;-0,060960046
2044;V122S;1,207087763
2045;D123S;0,954209451
2046;E124S;0,883296538
2047;M125S;0,508513742
2048;I126S;1,035313963
2049;R127S;0,774424608
2050;E128S;
2051;A129S;1,00462907
2052;D130S;0,874370171
2053;I131S;0,811535559
2054;D132S;1,169586933
2055;G133S;0,209277654
2056;D134S;0,359430501
2057;G135S;1,128800736
2058;Q136S;0,482803933
2059;V137S;
2060;N138S;1,06660028
2061;Y139S;0,482729945
2062;E140S;
2063;E141S;
2064;F142S;0,009061205
2065;V143S;0,034871522
2066;Q144S;1,084634685
2067;M145S;0,565337294
2068;M146S;
2069;T147S;1,00019587
2070;A148S;0,631867704
2071;K149S;
2072;A2T;0,994901854
2073;D3T;0,303481182
2074;Q4T;
2075;L5T;1,108441645
2076;T6T;1
2077;E7T;
2078;E8T;
2079;Q9T;1,008555948
2080;I10T;0,943984216
2081;A11T;1,039677877
2082;E12T;0,525491918
2083;F13T;
2084;K14T;0,788098601
2085;E15T;0,319721019
2086;A16T;0,93279595
2087;F17T;
2088;S18T;0,915895426
2089;L19T;
2090;F20T;0,154101553
2091;D21T;-0,189912049
2092;K22T;0,861470404
2093;D23T;-0,074687792
2094;G24T;
2095;D25T;
2096;G26T;
2097;T27T;1
2098;I28T;0,894949944
2099;T29T;1
2100;T30T;1
2101;K31T;0,938360143
2102;E32T;
2103;L33T;1,068740857
2104;G34T;
2105;T35T;1
2106;V36T;1,17352781
2107;M37T;0,953845309
2108;R38T;1,014255968
2109;S39T;0,943449976
2110;L40T;0,35682848
2111;G41T;
2112;Q42T;
2113;N43T;1,175799271
2114;P44T;1,014629968
2115;T45T;1
2116;E46T;
2117;A47T;1,01711807
2118;E48T;-0,073329036
2119;L49T;
2120;Q50T;
2121;D51T;0,591386137
2122;M52T;1,024836284
2123;I53T;1,039718848
2124;N54T;0,466301517
2125;E55T;
2126;V56T;0,313500095
2127;D57T;0,856071523
2128;A58T;1,035118352
2129;D59T;
2130;G60T;
2131;N61T;0,364815112
2132;G62T;0,120018477
2133;T63T;1
2134;I64T;1,028209225
2135;D65T;1,229559453
2136;F66T;0,187049231
2137;P67T;0,989715759
2138;E68T;0,919251501
2139;F69T;0,001847433
2140;L70T;0,053039953
2141;T71T;1
2142;M72T;1,055815371
2143;M73T;1,062087496
2144;A74T;0,964010851
2145;R75T;0,304982135
2146;K76T;0,801619783
2147;M77T;0,991588877
2148;K78T;0,90618214
2149;D79T;0,258658345
2150;T80T;1
2151;D81T;
2152;S82T;0,492283337
2153;E83T;0,089420782
2154;E84T;
2155;E85T;0,971446626
2156;I86T;1,021027641
2157;R87T;0,412662698
2158;E88T;
2159;A89T;0,713598303
2160;F90T;
2161;R91T;
2162;V92T;
2163;F93T;
2164;D94T;
2165;K95T;0,546671305
2166;D96T;
2167;G97T;
2168;N98T;0,653823385
2169;G99T;0,500862007
2170;Y100T;0,161698384
2171;I101T;0,828203977
2172;S102T;0,677415387
2173;A103T;1,021623006
2174;A104T;0,874583472
2175;E105T;
2176;L106T;0,419268046
2177;R107T;
2178;H108T;
2179;V109T;0,917972891
2180;M110T;0,925899114
2181;T111T;1
2182;N112T;0,985044694
2183;L113T;
2184;G114T;0,472068019
2185;E115T;0,407862716
2186;K116T;1,066889381
2187;L117T;
2188;T118T;1
2189;D119T;1,216918647
2190;E120T;
2191;E121T;
2192;V122T;1,214964925
2193;D123T;
2194;E124T;1,190203074
2195;M125T;0,864923013
2196;I126T;0,950844425
2197;R127T;0,716658383
2198;E128T;
2199;A129T;0,759401772
2200;D130T;
2201;I131T;1,045575517
2202;D132T;
2203;G133T;
2204;D134T;
2205;G135T;
2206;Q136T;0,802777287
2207;V137T;
2208;N138T;0,762582132
2209;Y139T;
2210;E140T;0,60118119
2211;E141T;
2212;F142T;
2213;V143T;-0,09103132
2214;Q144T;0,664846128
2215;M145T;0,980020314
2216;M146T;0,954660983
2217;T147T;1
2218;A148T;1,060426642
2219;K149T;0,741515609
2220;A2N;1,190106444
2221;D3N;0,889189242
2222;Q4N;
2223;L5N;0,306675509
2224;T6N;
2225;E7N;
2226;E8N;
2227;Q9N;-0,035585181
2228;I10N;1,054729027
2229;A11N;1,057248297
2230;E12N;0,861032336
2231;F13N;
2232;K14N;0,852873464
2233;E15N;0,217337422
2234;A16N;-0,041254578
2235;F17N;
2236;S18N;
2237;L19N;
2238;F20N;0,41165114
2239;D21N;0,893326822
2240;K22N;1,067976572
2241;D23N;1,059490453
2242;G24N;0,499530825
2243;D25N;1,026533296
2244;G26N;0,266606693
2245;T27N;1,0351449
2246;I28N;0,945054389
2247;T29N;
2248;T30N;0,40332855
2249;K31N;0,950638425
2250;E32N;
2251;L33N;
2252;G34N;
2253;T35N;0,616061634
2254;V36N;-0,223127039
2255;M37N;1,214827721
2256;R38N;-0,098627319
2257;S39N;0,66433883
2258;L40N;1,263450326
2259;G41N;0,248435819
2260;Q42N;
2261;N43N;1
2262;P44N;
2263;T45N;0,78917923
2264;E46N;-0,011206504
2265;A47N;0,580242897
2266;E48N;0,742835267
2267;L49N;
2268;Q50N;0,629914171
2269;D51N;0,761898272
2270;M52N;1,162344628
2271;I53N;
2272;N54N;1
2273;E55N;0,808371438
2274;V56N;
2275;D57N;1,025315817
2276;A58N;
2277;D59N;0,972761602
2278;G60N;1,083760764
2279;N61N;1
2280;G62N;0,228344173
2281;T63N;0,571087094
2282;I64N;0,913455158
2283;D65N;1,141207059
2284;F66N;0,352028129
2285;P67N;
2286;E68N;0,95042315
2287;F69N;
2288;L70N;1,24216807
2289;T71N;0,848504515
2290;M72N;1,049585753
2291;M73N;1,157601434
2292;A74N;1,023474167
2293;R75N;-0,018289911
2294;K76N;0,710475216
2295;M77N;
2296;K78N;0,651025885
2297;D79N;0,911396081
2298;T80N;0,346535139
2299;D81N;0,895257004
2300;S82N;1,086571439
2301;E83N;-0,091586508
2302;E84N;0,973074664
2303;E85N;0,909994
2304;I86N;0,842089223
2305;R87N;0,814107915
2306;E88N;
2307;A89N;
2308;F90N;
2309;R91N;
2310;V92N;
2311;F93N;
2312;D94N;0,969909344
2313;K95N;0,540308328
2314;D96N;1,027308872
2315;G97N;0,90058561
2316;N98N;1
2317;G99N;0,762057648
2318;Y100N;1,02258549
2319;I101N;
2320;S102N;1,060047522
2321;A103N;1,123419882
2322;A104N;
2323;E105N;
2324;L106N;
2325;R107N;
2326;H108N;1,026822612
2327;V109N;
2328;M110N;
2329;T111N;
2330;N112N;1
2331;L113N;0,320917541
2332;G114N;
2333;E115N;0,711771278
2334;K116N;0,984437902
2335;L117N;0,119771297
2336;T118N;0,757725506
2337;D119N;0,980850549
2338;E120N;0,942400781
2339;E121N;0,106699955
2340;V122N;
2341;D123N;1,008402828
2342;E124N;1,02737923
2343;M125N;
2344;I126N;0,808430845
2345;R127N;0,976672977
2346;E128N;
2347;A129N;
2348;D130N;0,928464271
2349;I131N;1,104869859
2350;D132N;0,881806577
2351;G133N;0,902356844
2352;D134N;1,036991862
2353;G135N;
2354;Q136N;
2355;V137N;
2356;N138N;1
2357;Y139N;1,042397119
2358;E140N;0,71709447
2359;E141N;
2360;F142N;
2361;V143N;
2362;Q144N;0,103226987
2363;M145N;
2364;M146N;
2365;T147N;1,132155137
2366;A148N;
2367;K149N;0,97037115
2368;A2Q;
2369;D3Q;1,287226489
2370;Q4Q;1
2371;L5Q;0,852363221
2372;T6Q;
2373;E7Q;0,973892862
2374;E8Q;
2375;Q9Q;1
2376;I10Q;
2377;A11Q;
2378;E12Q;1,015716776
2379;F13Q;0,160700839
2380;K14Q;0,793152275
2381;E15Q;0,867189958
2382;A16Q;0,718681679
2383;F17Q;
2384;S18Q;
2385;L19Q;1,029303776
2386;F20Q;0,924347571
2387;D21Q;0,791567564
2388;K22Q;0,999366302
2389;D23Q;
2390;G24Q;
2391;D25Q;
2392;G26Q;
2393;T27Q;
2394;I28Q;-0,121466867
2395;T29Q;
2396;T30Q;
2397;K31Q;0,992158157
2398;E32Q;
2399;L33Q;-0,280081741
2400;G34Q;
2401;T35Q;
2402;V36Q;
2403;M37Q;
2404;R38Q;0,681872371
2405;S39Q;
2406;L40Q;1,142740104
2407;G41Q;0,06165518
2408;Q42Q;1
2409;N43Q;
2410;P44Q;0,948605946
2411;T45Q;
2412;E46Q;1,029726379
2413;A47Q;0,560890264
2414;E48Q;0,460905238
2415;L49Q;0,261428341
2416;Q50Q;1
2417;D51Q;
2418;M52Q;
2419;I53Q;
2420;N54Q;0,612946805
2421;E55Q;0,917846317
2422;V56Q;
2423;D57Q;0,806434714
2424;A58Q;
2425;D59Q;
2426;G60Q;
2427;N61Q;
2428;G62Q;1,259632704
2429;T63Q;0,501409039
2430;I64Q;
2431;D65Q;0,907276043
2432;F66Q;0,563017522
2433;P67Q;0,931931553
2434;E68Q;0,470260371
2435;F69Q;
2436;L70Q;0,172319239
2437;T71Q;
2438;M72Q;1,186641899
2439;M73Q;
2440;A74Q;0,523171744
2441;R75Q;
2442;K76Q;0,08285831
2443;M77Q;1,301060882
2444;K78Q;1,044392899
2445;D79Q;0,727523597
2446;T80Q;
2447;D81Q;
2448;S82Q;
2449;E83Q;0,389426516
2450;E84Q;0,842114378
2451;E85Q;0,541130344
2452;I86Q;
2453;R87Q;0,818005604
2454;E88Q;0,965892311
2455;A89Q;
2456;F90Q;
2457;R91Q;0,888723644
2458;V92Q;
2459;F93Q;
2460;D94Q;
2461;K95Q;1,040913188
2462;D96Q;
2463;G97Q;
2464;N98Q;
2465;G99Q;0,089476762
2466;Y100Q;1,302307478
2467;I101Q;
2468;S102Q;
2469;A103Q;
2470;A104Q;
2471;E105Q;
2472;L106Q;0,397837657
2473;R107Q;0,533285549
2474;H108Q;0,98602776
2475;V109Q;
2476;M110Q;
2477;T111Q;
2478;N112Q;
2479;L113Q;0,209102808
2480;G114Q;0,210910786
2481;E115Q;0,699919485
2482;K116Q;1,122567106
2483;L117Q;0,703068406
2484;T118Q;
2485;D119Q;
2486;E120Q;
2487;E121Q;0,701274054
2488;V122Q;-0,107235522
2489;D123Q;
2490;E124Q;
2491;M125Q;0,509432124
2492;I126Q;0,191053278
2493;R127Q;
2494;E128Q;
2495;A129Q;
2496;D130Q;0,544331104
2497;I131Q;0,688960576
2498;D132Q;
2499;G133Q;
2500;D134Q;0,879792483
2501;G135Q;0,337668024
2502;Q136Q;1
2503;V137Q;
2504;N138Q;
2505;Y139Q;0,160583994
2506;E140Q;1,0265121
2507;E141Q;
2508;F142Q;
2509;V143Q;
2510;Q144Q;1
2511;M145Q;1,069754039
2512;M146Q;
2513;T147Q;
2514;A148Q;
2515;K149Q;0,560078938
2516;A2G;1,023013845
2517;D3G;0,950850759
2518;Q4G;
2519;L5G;0,665042402
2520;T6G;
2521;E7G;1,036120271
2522;E8G;1,004409354
2523;Q9G;0,843776588
2524;I10G;0,400641176
2525;A11G;0,880748339
2526;E12G;0,948332307
2527;F13G;1,218251573
2528;K14G;
2529;E15G;0,972574121
2530;A16G;0,955987079
2531;F17G;
2532;S18G;
2533;L19G;
2534;F20G;
2535;D21G;0,983164412
2536;K22G;0,290125484
2537;D23G;1,028528113
2538;G24G;1
2539;D25G;0,984295203
2540;G26G;1
2541;T27G;0,979304015
2542;I28G;0,107262537
2543;T29G;-0,047177474
2544;T30G;0,669756505
2545;K31G;0,903705767
2546;E32G;1,019885083
2547;L33G;-0,191523199
2548;G34G;1
2549;T35G;
2550;V36G;0,836993545
2551;M37G;
2552;R38G;0,999945786
2553;S39G;0,559906442
2554;L40G;
2555;G41G;1
2556;Q42G;0,71354221
2557;N43G;0,638338296
2558;P44G;
2559;T45G;0,419763596
2560;E46G;1,006827114
2561;A47G;0,921837583
2562;E48G;1,062169529
2563;L49G;1,039820689
2564;Q50G;0,489898712
2565;D51G;0,965232687
2566;M52G;1,129453067
2567;I53G;0,270877159
2568;N54G;0,298581032
2569;E55G;1,016681704
2570;V56G;1,038366399
2571;D57G;1,00259884
2572;A58G;0,731408386
2573;D59G;0,991833857
2574;G60G;1
2575;N61G;
2576;G62G;1
2577;T63G;0,963096556
2578;I64G;
2579;D65G;1,026450321
2580;F66G;0,052033344
2581;P67G;
2582;E68G;0,993889773
2583;F69G;-0,135881101
2584;L70G;0,87361237
2585;T71G;0,781588076
2586;M72G;0,014021884
2587;M73G;
2588;A74G;1,076010102
2589;R75G;1,053939151
2590;K76G;0,0965251
2591;M77G;0,898185401
2592;K78G;0,968166716
2593;D79G;0,988488863
2594;T80G;0,931421546
2595;D81G;1,009551347
2596;S82G;1,069218389
2597;E83G;1,003992243
2598;E84G;1,02173658
2599;E85G;0,941702681
2600;I86G;1,116544431
2601;R87G;0,609668422
2602;E88G;0,948940324
2603;A89G;
2604;F90G;
2605;R91G;0,2244671
2606;V92G;0,859380879
2607;F93G;
2608;D94G;0,908191264
2609;K95G;0,493137894
2610;D96G;1,001754989
2611;G97G;1
2612;N98G;0,978179956
2613;G99G;1
2614;Y100G;
2615;I101G;
2616;S102G;0,955022164
2617;A103G;0,912591978
2618;A104G;1,000625804
2619;E105G;0,988221619
2620;L106G;
2621;R107G;1,066029294
2622;H108G;
2623;V109G;0,577297418
2624;M110G;0,543976218
2625;T111G;0,576840219
2626;N112G;1,224463692
2627;L113G;-0,181550765
2628;G114G;1
2629;E115G;0,909908023
2630;K116G;1,174117193
2631;L117G;0,731640786
2632;T118G;-0,009354021
2633;D119G;0,988557636
2634;E120G;1,017111108
2635;E121G;0,916667456
2636;V122G;1,00848854
2637;D123G;1,022229896
2638;E124G;0,976444697
2639;M125G;0,720444383
2640;I126G;-0,472868743
2641;R127G;0,96014753
2642;E128G;0,962227411
2643;A129G;0,951598717
2644;D130G;0,89776678
2645;I131G;0,651719143
2646;D132G;1,033358484
2647;G133G;1
2648;D134G;0,969847843
2649;G135G;1
2650;Q136G;
2651;V137G;0,454504186
2652;N138G;0,757268929
2653;Y139G;-0,152680712
2654;E140G;0,981833399
2655;E141G;0,992056716
2656;F142G;
2657;V143G;0,75611066
2658;Q144G;0,854852899
2659;M145G;
2660;M146G;
2661;T147G;
2662;A148G;0,761843267
2663;K149G;
2664;A2C;
2665;D3C;
2666;Q4C;
2667;L5C;
2668;T6C;
2669;E7C;
2670;E8C;
2671;Q9C;1,019029325
2672;I10C;
2673;A11C;0,833241199
2674;E12C;
2675;F13C;0,973321857
2676;K14C;
2677;E15C;0,469727162
2678;A16C;0,302310795
2679;F17C;0,021736555
2680;S18C;0,737752976
2681;L19C;
2682;F20C;1,036472217
2683;D21C;1,19578942
2684;K22C;1,017026211
2685;D23C;
2686;G24C;0,918051828
2687;D25C;
2688;G26C;0,923341576
2689;T27C;0,166341201
2690;I28C;
2691;T29C;
2692;T30C;-0,086689329
2693;K31C;-0,234607178
2694;E32C;
2695;L33C;
2696;G34C;1,026356308
2697;T35C;0,907350878
2698;V36C;0,621674328
2699;M37C;
2700;R38C;0,793476412
2701;S39C;0,852815895
2702;L40C;
2703;G41C;0,834043871
2704;Q42C;
2705;N43C;
2706;P44C;
2707;T45C;
2708;E46C;0,088851855
2709;A47C;0,563394647
2710;E48C;0,701340858
2711;L49C;0,026511584
2712;Q50C;
2713;D51C;
2714;M52C;
2715;I53C;1,100598027
2716;N54C;0,366672483
2717;E55C;0,387879205
2718;V56C;
2719;D57C;0,615154364
2720;A58C;
2721;D59C;1,228309192
2722;G60C;1,014199164
2723;N61C;
2724;G62C;0,977908179
2725;T63C;0,374059007
2726;I64C;
2727;D65C;1,197556094
2728;F66C;1,067711435
2729;P67C;
2730;E68C;0,901834388
2731;F69C;0,280220929
2732;L70C;0,419474485
2733;T71C;
2734;M72C;
2735;M73C;
2736;A74C;
2737;R75C;0,001809535
2738;K76C;1,204761076
2739;M77C;
2740;K78C;1,055942472
2741;D79C;1,146968522
2742;T80C;0,536502393
2743;D81C;0,923250375
2744;S82C;1,173533843
2745;E83C;
2746;E84C;
2747;E85C;0,77331086
2748;I86C;
2749;R87C;0,990739687
2750;E88C;
2751;A89C;0,515698657
2752;F90C;0,570817942
2753;R91C;0,222975965
2754;V92C;
2755;F93C;0,431735679
2756;D94C;0,914883338
2757;K95C;
2758;D96C;
2759;G97C;0,887956122
2760;N98C;
2761;G99C;0,986815346
2762;Y100C;0,921936792
2763;I101C;1,162165947
2764;S102C;1,11658556
2765;A103C;-0,483185729
2766;A104C;
2767;E105C;
2768;L106C;
2769;R107C;0,949971592
2770;H108C;0,355776573
2771;V109C;
2772;M110C;
2773;T111C;0,749443003
2774;N112C;
2775;L113C;0,990690257
2776;G114C;0,360135341
2777;E115C;
2778;K116C;
2779;L117C;0,547994498
2780;T118C;
2781;D119C;1,215088479
2782;E120C;0,984846436
2783;E121C;-0,193775282
2784;V122C;
2785;D123C;0,388480333
2786;E124C;
2787;M125C;
2788;I126C;0,49900376
2789;R127C;0,106440083
2790;E128C;
2791;A129C;
2792;D130C;0,838117132
2793;I131C;0,744942114
2794;D132C;
2795;G133C;0,075254444
2796;D134C;0,84882136
2797;G135C;1,02297611
2798;Q136C;
2799;V137C;1,146535284
2800;N138C;1,18604714
2801;Y139C;0,870969255
2802;E140C;
2803;E141C;
2804;F142C;0,276019654
2805;V143C;
2806;Q144C;0,610911419
2807;M145C;
2808;M146C;
2809;T147C;
2810;A148C;
2811;K149C;
2812;A2P;0,786076526
2813;D3P;0,836324501
2814;Q4P;1,121960053
2815;L5P;0,961435673
2816;T6P;1,036409213
2817;E7P;
2818;E8P;
2819;Q9P;0,552878914
2820;I10P;1,169775313
2821;A11P;0,250202991
2822;E12P;
2823;F13P;
2824;K14P;
2825;E15P;0,242937044
2826;A16P;0,34556641
2827;F17P;
2828;S18P;0,954047786
2829;L19P;0,933058345
2830;F20P;0,426674551
2831;D21P;1,298069953
2832;K22P;-0,017393602
2833;D23P;
2834;G24P;
2835;D25P;
2836;G26P;
2837;T27P;0,884710655
2838;I28P;-0,231705255
2839;T29P;0,983693238
2840;T30P;0,852017985
2841;K31P;0,081094243
2842;E32P;
2843;L33P;0,87813119
2844;G34P;
2845;T35P;0,876142913
2846;V36P;0,104430278
2847;M37P;
2848;R38P;0,651048135
2849;S39P;1,014963821
2850;L40P;0,766388679
2851;G41P;
2852;Q42P;0,788088275
2853;N43P;
2854;P44P;1
2855;T45P;0,610981259
2856;E46P;1,361692691
2857;A47P;0,698752627
2858;E48P;
2859;L49P;0,044107256
2860;Q50P;0,425415092
2861;D51P;
2862;M52P;0,974388815
2863;I53P;
2864;N54P;0,80966882
2865;E55P;1,200342306
2866;V56P;
2867;D57P;0,012597271
2868;A58P;1,215608584
2869;D59P;
2870;G60P;
2871;N61P;
2872;G62P;
2873;T63P;1,020673228
2874;I64P;1,228237474
2875;D65P;1,112905429
2876;F66P;0,169377244
2877;P67P;1
2878;E68P;
2879;F69P;
2880;L70P;-0,219886026
2881;T71P;1,05668332
2882;M72P;
2883;M73P;0,674092456
2884;A74P;0,822175126
2885;R75P;0,868827078
2886;K76P;1,161921884
2887;M77P;0,79377146
2888;K78P;
2889;D79P;0,845793537
2890;T80P;1,003329761
2891;D81P;
2892;S82P;
2893;E83P;
2894;E84P;
2895;E85P;
2896;I86P;
2897;R87P;0,854205519
2898;E88P;
2899;A89P;
2900;F90P;
2901;R91P;0,533877858
2902;V92P;
2903;F93P;
2904;D94P;
2905;K95P;
2906;D96P;
2907;G97P;-0,266841134
2908;N98P;
2909;G99P;-0,080701625
2910;Y100P;-0,004469713
2911;I101P;0,012952776
2912;S102P;0,7566763
2913;A103P;0,770198072
2914;A104P;1,049840603
2915;E105P;
2916;L106P;0,067278795
2917;R107P;0,251355975
2918;H108P;0,85843529
2919;V109P;
2920;M110P;
2921;T111P;0,752606046
2922;N112P;
2923;L113P;0,472880105
2924;G114P;
2925;E115P;1,119729188
2926;K116P;1,11223271
2927;L117P;0,818695113
2928;T118P;0,741368863
2929;D119P;0,220751643
2930;E120P;
2931;E121P;
2932;V122P;-0,221762401
2933;D123P;0,881542434
2934;E124P;
2935;M125P;0,199051607
2936;I126P;
2937;R127P;0,119771297
2938;E128P;
2939;A129P;1,049867084
2940;D130P;
2941;I131P;-0,111796203
2942;D132P;
2943;G133P;-0,099408878
2944;D134P;
2945;G135P;
2946;Q136P;0,770992343
2947;V137P;
2948;N138P;1,274694336
2949;Y139P;0,609327796
2950;E140P;
2951;E141P;
2952;F142P;
2953;V143P;
2954;Q144P;0,909448859
2955;M145P;
2956;M146P;
2957;T147P;1,006368286
2958;A148P;0,731612675
2959;K149P;
