;mutant;CRIPT
0;P311C;0,16565
1;P311E;0,11664
2;P311D;0,22971
3;P311G;0,28966
4;P311F;0,2689
5;P311I;0,22895
6;P311H;0,31507
7;P311K;0,22821
8;P311M;0,20375
9;P311L;0,22526
10;P311N;0,26434
11;P311Q;0,28838
12;P311P;0,069078
13;P311S;0,10689
14;P311R;0,24514
15;P311T;0,2189
16;P311W;0,31455
17;P311V;0,11812
18;P311Y;0,33424
19;R312A;-0,0045252
20;R312C;-0,0096054
21;R312E;0,012491
22;R312D;-0,016275
23;R312G;-0,027163
24;R312F;-0,23678
25;R312I;-0,17385
26;R312H;0,16932
27;R312K;0,083052
28;R312M;0,016991
29;R312L;-0,21012
30;R312N;0,17038
31;R312Q;0,13872
32;R312P;-0,19523
33;R312S;0,04329
34;R312R;0,15124
35;R312T;0,028758
36;R312W;-0,28577
37;R312V;0,025614
38;R312Y;0,0058634
39;R313A;0,10934
40;R313C;0,13322
41;R313E;0,099636
42;R313D;0,030333
43;R313G;0,15797
44;R313F;0,0076501
45;R313I;-0,056989
46;R313H;0,077919
47;R313K;0,12034
48;R313M;-0,018935
49;R313L;0,045361
50;R313N;0,039848
51;R313Q;0,089222
52;R313P;0,07467
53;R313S;0,05626
54;R313R;0,16972
55;R313T;0,10832
56;R313W;0,082928
57;R313V;0,11577
58;R313Y;0,078628
59;I314A;0,17559
60;I314C;0,15374
61;I314E;0,068649
62;I314D;0,096339
63;I314G;0,14923
64;I314F;0,23256
65;I314I;-0,12922
66;I314H;0,14568
67;I314K;-0,084431
68;I314M;0,15696
69;I314L;0,099098
70;I314N;0,17946
71;I314Q;-0,035189
72;I314P;-0,18601
73;I314S;0,13011
74;I314R;0,036926
75;I314T;0,16397
76;I314W;-0,43418
77;I314V;0,15419
78;I314Y;0,1692
79;V315A;0,14394
80;V315C;0,16657
81;V315E;0,072821
82;V315D;0,096365
83;V315G;0,15748
84;V315F;0,24372
85;V315I;0,09034
86;V315H;0,13368
87;V315K;0,10258
88;V315M;0,041665
89;V315L;0,13773
90;V315N;0,15369
91;V315Q;0,16953
92;V315P;0,12352
93;V315S;0,17391
94;V315R;0,2346
95;V315T;0,13288
96;V315W;0,13509
97;V315V;0,17582
98;V315Y;0,17314
99;I316A;0,16139
100;I316C;0,13083
101;I316E;-0,13218
102;I316D;-0,49455
103;I316G;0,016369
104;I316F;0,1176
105;I316I;-0,12922
106;I316H;-0,45405
107;I316K;-0,47626
108;I316M;0,17029
109;I316L;0,22534
110;I316N;0,014514
111;I316Q;0,17591
112;I316P;-0,34175
113;I316S;0,10935
114;I316R;-0,40361
115;I316T;0,12091
116;I316W;-0,84069
117;I316V;0,068557
118;I316Y;-0,40349
119;H317A;0,089051
120;H317C;0,25642
121;H317E;0,05012
122;H317D;0,15086
123;H317G;0,15733
124;H317F;0,15855
125;H317I;0,19131
126;H317H;0,14963
127;H317K;0,2888
128;H317M;0,28602
129;H317L;0,23654
130;H317N;0,10288
131;H317Q;0,11708
132;H317P;0,04949
133;H317S;0,10927
134;H317R;0,23485
135;H317T;0,04626
136;H317W;0,26118
137;H317V;0,12578
138;H317Y;0,15886
139;R318A;-0,13465
140;R318C;-0,14907
141;R318E;-0,31382
142;R318D;-0,31008
143;R318G;-0,097655
144;R318F;-0,25092
145;R318I;-0,16463
146;R318H;-0,13098
147;R318K;0,12253
148;R318M;-0,079015
149;R318L;-0,26569
150;R318N;-0,27564
151;R318Q;-0,13793
152;R318P;-0,0502
153;R318S;-0,11793
154;R318R;0,12856
155;R318T;-0,086657
156;R318W;-0,29546
157;R318V;-0,16973
158;R318Y;-0,17726
159;G319A;0,074709
160;G319C;0,031749
161;G319E;0,098914
162;G319D;-0,06413
163;G319G;0,11286
164;G319F;0,10554
165;G319I;-0,047082
166;G319H;0,021438
167;G319K;0,063134
168;G319M;0,084267
169;G319L;0,02215
170;G319N;0,11533
171;G319Q;0,075665
172;G319P;0,040463
173;G319S;0,10346
174;G319R;0,053143
175;G319T;0,035786
176;G319W;0,081249
177;G319V;0,022009
178;G319Y;0,026041
179;S320A;0,10726
180;S320C;0,14439
181;S320E;0,16472
182;S320D;0,10149
183;S320G;0,12728
184;S320F;0,020641
185;S320I;0,11589
186;S320H;0,063397
187;S320K;0,093117
188;S320M;0,14701
189;S320L;0,09497
190;S320N;0,085677
191;S320Q;0,052528
192;S320P;0,10647
193;S320S;0,16195
194;S320R;0,11348
195;S320T;0,14521
196;S320W;0,073072
197;S320V;0,1327
198;S320Y;0,047296
199;T321A;0,13572
200;T321C;0,14335
201;T321E;0,096972
202;T321D;0,16214
203;T321G;0,14266
204;T321F;0,020652
205;T321I;0,12975
206;T321H;0,14338
207;T321K;0,076605
208;T321M;0,14306
209;T321L;0,10514
210;T321N;0,19642
211;T321Q;0,20024
212;T321P;0,10882
213;T321S;0,12619
214;T321R;0,10109
215;T321T;0,13207
216;T321W;0,056984
217;T321V;0,11901
218;T321Y;0,12286
219;G322A;0,087744
220;G322C;0,045469
221;G322E;-0,014432
222;G322D;-0,086406
223;G322G;0,1424
224;G322F;-0,21359
225;G322I;-0,02714
226;G322H;-0,018261
227;G322K;0,0059776
228;G322M;-0,16722
229;G322L;-0,10904
230;G322N;0,045447
231;G322Q;0,022251
232;G322P;0,084518
233;G322S;0,10343
234;G322R;-0,050415
235;G322T;0,077146
236;G322W;-0,13039
237;G322V;-0,019031
238;G322Y;-0,14818
239;L323A;-0,25676
240;L323C;-0,056368
241;L323E;-1,5134
242;L323D;-1,4846
243;L323G;-1,0526
244;L323F;-0,014446
245;L323I;-0,33119
246;L323H;-0,95967
247;L323K;-1,52
248;L323M;0,10679
249;L323L;0,08976
250;L323N;-0,39247
251;L323Q;-0,96935
252;L323P;-1,2278
253;L323S;-0,25209
254;L323R;-1,2471
255;L323T;-0,56131
256;L323W;0,04598
257;L323V;-0,55422
258;L323Y;0,0020839
259;G324A;-0,23188
260;G324C;-0,17064
261;G324E;-0,44911
262;G324D;-0,45867
263;G324G;0,11603
264;G324F;-1,2532
265;G324I;-0,12922
266;G324H;-0,80209
267;G324K;-0,58246
268;G324M;-0,55829
269;G324L;-1,1477
270;G324N;-0,29212
271;G324Q;-0,44299
272;G324P;-1,5591
273;G324S;-0,52734
274;G324R;-0,92586
275;G324T;-1,3182
276;G324W;-1,281
277;G324V;-1,3656
278;G324Y;-1,2059
279;F325A;-0,032796
280;F325C;0,060888
281;F325E;-1,4888
282;F325D;-1,8809
283;F325G;-0,20838
284;F325F;-0,12922
285;F325I;-0,14219
286;F325H;-0,49198
287;F325K;-0,75108
288;F325M;0,11067
289;F325L;-0,12218
290;F325N;-0,75344
291;F325Q;-0,94656
292;F325P;-1,6063
293;F325S;-0,34254
294;F325R;-1,5792
295;F325T;-0,19904
296;F325W;-0,31718
297;F325V;-0,13666
298;F325Y;-0,059637
299;N326A;0,049814
300;N326C;0,090672
301;N326E;-0,88448
302;N326D;-0,12354
303;N326G;-0,11727
304;N326F;-0,097269
305;N326I;0,046841
306;N326H;-0,14619
307;N326K;0,047035
308;N326M;0,14106
309;N326L;-0,1436
310;N326N;-0,12922
311;N326Q;-0,15071
312;N326P;-1,2039
313;N326S;0,070189
314;N326R;0,016087
315;N326T;0,11131
316;N326W;0,07268
317;N326V;0,13298
318;N326Y;-0,0026603
319;I327A;-1,5385
320;I327C;-1,4619
321;I327E;-1,3878
322;I327D;-1,4543
323;I327G;-1,4788
324;I327F;-0,24916
325;I327I;0,0034566
326;I327H;-1,6521
327;I327K;-0,12922
328;I327M;-0,42507
329;I327L;-0,45078
330;I327N;-1,4323
331;I327Q;-1,517
332;I327P;-1,5801
333;I327S;-1,5202
334;I327R;-1,4906
335;I327T;-1,5163
336;I327W;-1,4062
337;I327V;-0,3113
338;I327Y;-0,47986
339;V328A;-0,26331
340;V328C;-0,12091
341;V328E;-0,79157
342;V328D;-1,5846
343;V328G;-0,60042
344;V328F;-0,27394
345;V328I;0,099704
346;V328H;-0,37602
347;V328K;-0,15147
348;V328M;0,092222
349;V328L;-0,10168
350;V328N;-1,0911
351;V328Q;-0,083702
352;V328P;-1,5234
353;V328S;-0,31807
354;V328R;-0,10809
355;V328T;-0,19285
356;V328W;-0,59661
357;V328V;0,075562
358;V328Y;-0,46278
359;G329A;-1,3616
360;G329C;-1,2826
361;G329E;-1,458
362;G329D;-0,85215
363;G329G;0,065648
364;G329F;-1,2315
365;G329I;-0,12922
366;G329H;-1,3144
367;G329K;-1,6676
368;G329M;-1,197
369;G329L;-1,7068
370;G329N;-1,0481
371;G329Q;-1,3633
372;G329P;-1,4917
373;G329S;-0,11314
374;G329R;-1,417
375;G329T;-0,48253
376;G329W;-0,96688
377;G329V;-1,515
378;G329Y;-1,5
379;G330A;-0,69064
380;G330C;-0,45402
381;G330E;-0,19134
382;G330D;-0,31766
383;G330G;0,094727
384;G330F;-0,95714
385;G330I;-1,2924
386;G330H;-0,82772
387;G330K;-1,0998
388;G330M;-1,1689
389;G330L;-1,107
390;G330N;-0,63683
391;G330Q;-0,67335
392;G330P;-0,15136
393;G330S;-0,59307
394;G330R;-0,96238
395;G330T;-0,55214
396;G330W;-0,76024
397;G330V;-1,1805
398;G330Y;-1,0553
399;E331A;-0,22196
400;E331C;-0,1781
401;E331E;-0,12922
402;E331D;0,032399
403;E331G;-0,1441
404;E331F;0,0025929
405;E331I;0,025467
406;E331H;-0,085474
407;E331K;-0,52998
408;E331M;-0,065469
409;E331L;-0,14307
410;E331N;-0,059909
411;E331Q;-0,035652
412;E331P;-1,2269
413;E331S;-0,13178
414;E331R;-0,4573
415;E331T;-0,064529
416;E331W;-0,025441
417;E331V;-0,07889
418;E331Y;-0,029748
419;D332A;-0,12458
420;D332C;0,028035
421;D332E;-0,033063
422;D332D;0,055206
423;D332G;-0,037339
424;D332F;0,067161
425;D332I;-0,047568
426;D332H;0,062933
427;D332K;-0,0058739
428;D332M;-0,054261
429;D332L;0,048325
430;D332N;0,053168
431;D332Q;-0,063744
432;D332P;-0,60387
433;D332S;-0,058731
434;D332R;-0,0095601
435;D332T;0,033396
436;D332W;0,15687
437;D332V;-0,1029
438;D332Y;0,083311
439;G333A;-0,014021
440;G333C;0,13981
441;G333E;0,11359
442;G333D;0,066096
443;G333G;0,082863
444;G333F;0,092658
445;G333I;0,09938
446;G333H;0,12391
447;G333K;0,1336
448;G333M;0,12191
449;G333L;0,026824
450;G333N;0,11281
451;G333Q;0,19395
452;G333P;-0,15237
453;G333S;0,12495
454;G333R;0,162
455;G333T;0,081788
456;G333W;0,029191
457;G333V;0,10474
458;G333Y;0,02382
459;E334A;0,11802
460;E334C;0,15858
461;E334E;0,046861
462;E334D;0,13447
463;E334G;0,068668
464;E334F;0,29835
465;E334I;0,18239
466;E334H;0,1253
467;E334K;0,081695
468;E334M;0,14604
469;E334L;0,1418
470;E334N;0,062764
471;E334Q;0,10105
472;E334P;0,10275
473;E334S;0,15026
474;E334R;0,112
475;E334T;0,15978
476;E334W;0,21203
477;E334V;0,20483
478;E334Y;0,19515
479;G335A;0,17853
480;G335C;0,213
481;G335E;0,12881
482;G335D;0,048455
483;G335G;0,13407
484;G335F;0,041715
485;G335I;0,0049805
486;G335H;0,17825
487;G335K;0,14114
488;G335M;0,076046
489;G335L;0,094678
490;G335N;0,11208
491;G335Q;0,068587
492;G335P;0,28426
493;G335S;0,13151
494;G335R;0,17922
495;G335T;0,037031
496;G335W;0,030443
497;G335V;0,1637
498;G335Y;0,047557
499;I336A;-0,7987
500;I336C;-0,18983
501;I336E;-0,35862
502;I336D;-0,45594
503;I336G;-0,98645
504;I336F;-0,74344
505;I336I;-0,12922
506;I336H;-0,28311
507;I336K;-0,38216
508;I336M;-0,13629
509;I336L;-0,15027
510;I336N;-0,26446
511;I336Q;-0,042168
512;I336P;-0,1186
513;I336S;-0,49029
514;I336R;-0,8815
515;I336T;-0,10262
516;I336W;-1,5153
517;I336V;0,042717
518;I336Y;-0,12922
519;F337A;-0,22473
520;F337C;-0,16466
521;F337E;-0,5209
522;F337D;-0,33166
523;F337G;-0,13241
524;F337F;-0,12922
525;F337I;-0,1013
526;F337H;0,059844
527;F337K;-0,11799
528;F337M;0,083419
529;F337L;0,013863
530;F337N;-0,22008
531;F337Q;-0,29266
532;F337P;-1,31
533;F337S;-0,10759
534;F337R;-0,12663
535;F337T;-0,23909
536;F337W;0,023547
537;F337V;-0,2122
538;F337Y;0,15033
539;I338A;0,095079
540;I338C;0,14675
541;I338E;-1,5413
542;I338D;-0,89512
543;I338G;-0,098316
544;I338F;-0,39586
545;I338I;-0,12922
546;I338H;-1,6926
547;I338K;-0,12922
548;I338M;0,020445
549;I338L;0,1147
550;I338N;-0,06924
551;I338Q;-0,7869
552;I338P;-0,67808
553;I338S;0,18614
554;I338R;-1,3133
555;I338T;0,17236
556;I338W;-1,7429
557;I338V;0,19596
558;I338Y;-0,12922
559;S339A;0,052855
560;S339C;-0,067435
561;S339E;-0,2942
562;S339D;-0,26639
563;S339G;-0,11409
564;S339F;-0,13448
565;S339I;-0,038887
566;S339H;-0,032991
567;S339K;-0,14504
568;S339M;-0,10325
569;S339L;-0,23145
570;S339N;-0,31767
571;S339Q;-0,15078
572;S339P;-0,19235
573;S339S;0,060469
574;S339R;-0,15055
575;S339T;-0,10652
576;S339W;-0,46207
577;S339V;-0,12097
578;S339Y;-0,15658
579;F340A;0,03805
580;F340C;-0,082265
581;F340E;-0,21173
582;F340D;-0,13731
583;F340G;0,051315
584;F340F;-0,12922
585;F340I;-0,22786
586;F340H;0,036923
587;F340K;-0,071118
588;F340M;-0,030967
589;F340L;-0,0052591
590;F340N;-0,1253
591;F340Q;0,0096463
592;F340P;-1,5107
593;F340S;0,011626
594;F340R;-0,08202
595;F340T;-0,094298
596;F340W;0,026546
597;F340V;-0,078421
598;F340Y;0,032147
599;I341A;-0,64367
600;I341C;-0,09291
601;I341E;-1,3467
602;I341D;-1,4658
603;I341G;-1,2379
604;I341F;-0,0066499
605;I341I;-0,12922
606;I341H;-0,93964
607;I341K;-0,30332
608;I341M;0,015304
609;I341L;0,051302
610;I341N;-0,63527
611;I341Q;-0,32881
612;I341P;-1,0869
613;I341S;-0,73762
614;I341R;-0,50564
615;I341T;-0,24891
616;I341W;-0,90732
617;I341V;-0,014085
618;I341Y;-0,67161
619;L342A;0,043923
620;L342C;-0,027682
621;L342E;-0,27256
622;L342D;-0,21607
623;L342G;-0,096011
624;L342F;0,081348
625;L342I;0,071491
626;L342H;0,042483
627;L342K;0,16576
628;L342M;0,093889
629;L342L;0,050253
630;L342N;-0,13638
631;L342Q;-0,078191
632;L342P;-0,028606
633;L342S;-0,0093181
634;L342R;0,024383
635;L342T;-0,070774
636;L342W;-0,22225
637;L342V;0,0016696
638;L342Y;-0,071074
639;A343A;0,052396
640;A343C;0,02652
641;A343E;0,084897
642;A343D;0,069296
643;A343G;0,083095
644;A343F;0,0051994
645;A343I;-0,026923
646;A343H;0,053741
647;A343K;-0,00067925
648;A343M;0,016888
649;A343L;0,061091
650;A343N;-0,021511
651;A343Q;-0,0047959
652;A343P;0,092922
653;A343S;0,051913
654;A343R;-0,23685
655;A343T;0,05102
656;A343W;0,018479
657;A343V;0,047056
658;A343Y;0,11343
659;G344A;0,048486
660;G344C;0,11665
661;G344E;-0,022659
662;G344D;0,033127
663;G344G;0,11248
664;G344F;0,079252
665;G344I;-0,33708
666;G344H;0,029794
667;G344K;0,050347
668;G344M;-0,054339
669;G344L;0,10629
670;G344N;-0,023899
671;G344Q;0,067535
672;G344P;-0,48126
673;G344S;0,018274
674;G344R;0,21074
675;G344T;-0,12687
676;G344W;0,031353
677;G344V;-0,27378
678;G344Y;0,057698
679;G345A;0,028215
680;G345C;-0,16918
681;G345E;-0,21881
682;G345D;-0,2238
683;G345G;0,065322
684;G345F;-0,070967
685;G345I;-0,84916
686;G345H;-0,076878
687;G345K;-0,10768
688;G345M;-0,029544
689;G345L;-0,087233
690;G345N;-0,3268
691;G345Q;-0,0075533
692;G345P;-0,91957
693;G345S;-0,023848
694;G345R;-0,1854
695;G345T;-0,067684
696;G345W;-0,23231
697;G345V;-0,71637
698;G345Y;-0,1399
699;P346A;0,093252
700;P346C;0,052343
701;P346E;-0,11501
702;P346D;-0,45241
703;P346G;0,0015208
704;P346F;-0,23285
705;P346I;-0,094876
706;P346H;-0,043347
707;P346K;0,00069959
708;P346M;0,0030972
709;P346L;-0,14487
710;P346N;0,062323
711;P346Q;0,010739
712;P346P;0,064585
713;P346S;0,082825
714;P346R;-0,0096713
715;P346T;-0,10019
716;P346W;-0,48525
717;P346V;-0,032154
718;P346Y;-0,23572
719;A347A;0,069266
720;A347C;-0,055291
721;A347E;-1,0828
722;A347D;-1,049
723;A347G;-0,14443
724;A347F;-1,4208
725;A347I;-0,52499
726;A347H;-1,0979
727;A347K;-0,88449
728;A347M;-0,93
729;A347L;-0,79069
730;A347N;-0,75857
731;A347Q;-0,71884
732;A347P;-0,95336
733;A347S;-0,03779
734;A347R;-0,92187
735;A347T;0,020187
736;A347W;-1,1962
737;A347V;-0,13958
738;A347Y;-1,0967
739;D348A;-0,0046259
740;D348C;-0,11942
741;D348E;-0,034985
742;D348D;-0,12922
743;D348G;0,020324
744;D348F;-0,10158
745;D348I;-0,51258
746;D348H;0,010281
747;D348K;-0,2801
748;D348M;-0,11469
749;D348L;-0,38398
750;D348N;-0,13388
751;D348Q;0,009321
752;D348P;-0,85098
753;D348S;0,041732
754;D348R;-0,41262
755;D348T;-0,44021
756;D348W;0,029652
757;D348V;-0,52382
758;D348Y;-0,3587
759;L349A;0,020332
760;L349C;0,028216
761;L349E;0,046978
762;L349D;0,055711
763;L349G;-0,066619
764;L349F;0,010228
765;L349I;0,089179
766;L349H;0,02059
767;L349K;0,036529
768;L349M;0,0018524
769;L349L;0,059136
770;L349N;0,068854
771;L349Q;-0,0015479
772;L349P;-0,61275
773;L349S;-0,0041761
774;L349R;-0,020843
775;L349T;0,016682
776;L349W;0,0017686
777;L349V;0,017145
778;L349Y;0,022704
779;S350A;0,072407
780;S350C;0,061008
781;S350E;0,077306
782;S350D;0,014127
783;S350G;0,077237
784;S350F;-0,076998
785;S350I;-0,015891
786;S350H;0,097391
787;S350K;-0,0034307
788;S350M;0,039738
789;S350L;0,015749
790;S350N;0,081236
791;S350Q;0,051501
792;S350P;-0,10357
793;S350S;0,018331
794;S350R;0,00093083
795;S350T;0,08711
796;S350W;-0,13312
797;S350V;0,066527
798;S350Y;-0,087933
799;G351A;0,010455
800;G351C;0,05639
801;G351E;0,018137
802;G351D;-0,066222
803;G351G;0,045807
804;G351F;-0,080577
805;G351I;-0,40313
806;G351H;-0,0052937
807;G351K;0,046278
808;G351M;-0,0035163
809;G351L;-0,052056
810;G351N;0,032699
811;G351Q;0,031134
812;G351P;-0,26823
813;G351S;0,080175
814;G351R;0,0079274
815;G351T;0,056846
816;G351W;-0,22591
817;G351V;-0,18622
818;G351Y;-0,15649
819;E352A;0,05554
820;E352C;0,024865
821;E352E;-0,12922
822;E352D;0,044808
823;E352G;0,030831
824;E352F;-0,0022033
825;E352I;-0,14898
826;E352H;0,049754
827;E352K;0,14506
828;E352M;0,12384
829;E352L;0,088649
830;E352N;0,12152
831;E352Q;0,12939
832;E352P;-0,23064
833;E352S;0,059178
834;E352R;0,16698
835;E352T;0,044801
836;E352W;-0,033616
837;E352V;-0,019508
838;E352Y;0,029839
839;L353A;0,103
840;L353C;0,12302
841;L353E;-1,3132
842;L353D;-1,2519
843;L353G;-0,17512
844;L353F;0,10139
845;L353I;-0,030626
846;L353H;-0,30128
847;L353K;-0,69365
848;L353M;0,022652
849;L353L;0,047569
850;L353N;-0,36819
851;L353Q;-0,30365
852;L353P;0,046111
853;L353S;-0,050414
854;L353R;-1,224
855;L353T;0,006233
856;L353W;-0,3365
857;L353V;0,016563
858;L353Y;-0,30987
859;R354A;0,041212
860;R354C;0,058997
861;R354E;0,09453
862;R354D;0,092952
863;R354G;0,079727
864;R354F;0,0099764
865;R354I;0,087286
866;R354H;0,047202
867;R354K;0,074514
868;R354M;0,043269
869;R354L;0,073672
870;R354N;0,083841
871;R354Q;0,098311
872;R354P;-1,0767
873;R354S;0,075981
874;R354R;0,084396
875;R354T;0,050257
876;R354W;-0,10003
877;R354V;0,041015
878;R354Y;-0,014034
879;K355A;0,053711
880;K355C;0,06233
881;K355E;0,043565
882;K355D;-0,024791
883;K355G;0,04403
884;K355F;0,068283
885;K355I;0,053723
886;K355H;0,017741
887;K355K;-0,12922
888;K355M;0,041101
889;K355L;0,0087456
890;K355N;0,060723
891;K355Q;0,022931
892;K355P;0,059574
893;K355S;0,041437
894;K355R;0,021078
895;K355T;0,061228
896;K355W;-0,028761
897;K355V;0,087308
898;K355Y;-0,12573
899;G356A;0,072455
900;G356C;0,13013
901;G356E;-0,10626
902;G356D;-0,33221
903;G356G;0,070302
904;G356F;0,034771
905;G356I;-0,4348
906;G356H;-0,032702
907;G356K;-0,022645
908;G356M;0,10876
909;G356L;-0,3972
910;G356N;-0,12372
911;G356Q;-0,010376
912;G356P;-0,62344
913;G356S;0,03623
914;G356R;-0,019923
915;G356T;-0,069116
916;G356W;0,055953
917;G356V;-0,35345
918;G356Y;0,049795
919;D357A;-0,030791
920;D357C;0,065938
921;D357E;-0,081763
922;D357D;-0,12922
923;D357G;-0,31117
924;D357F;-0,03376
925;D357I;-0,14438
926;D357H;0,057241
927;D357K;-0,38589
928;D357M;0,10656
929;D357L;-0,23494
930;D357N;-0,15273
931;D357Q;0,11999
932;D357P;-1,4128
933;D357S;-0,084672
934;D357R;-1,1156
935;D357T;0,023383
936;D357W;-0,37531
937;D357V;-0,032418
938;D357Y;-0,049727
939;Q358A;0,0049934
940;Q358C;0,090604
941;Q358E;0,058773
942;Q358D;-0,43766
943;Q358G;-0,0020368
944;Q358F;0,04369
945;Q358I;0,008997
946;Q358H;0,072442
947;Q358K;-0,038342
948;Q358M;0,026434
949;Q358L;0,057224
950;Q358N;0,071662
951;Q358Q;-0,12922
952;Q358P;-1,1132
953;Q358S;0,032681
954;Q358R;0,072862
955;Q358T;0,061279
956;Q358W;0,057778
957;Q358V;0,019477
958;Q358Y;0,03326
959;I359A;-0,16004
960;I359C;0,014864
961;I359E;-1,2979
962;I359D;-1,4515
963;I359G;-0,69307
964;I359F;-0,43174
965;I359I;-0,12922
966;I359H;-1,5387
967;I359K;-1,6037
968;I359M;-0,17345
969;I359L;-0,010643
970;I359N;-1,3636
971;I359Q;-1,2978
972;I359P;-0,29097
973;I359S;-0,58036
974;I359R;-1,4872
975;I359T;-0,36627
976;I359W;-0,12922
977;I359V;-0,031533
978;I359Y;-1,306
979;L360A;0,012694
980;L360C;0,021973
981;L360E;0,036264
982;L360D;-0,18694
983;L360G;-0,255
984;L360F;0,011474
985;L360I;0,073917
986;L360H;0,041816
987;L360K;0,11494
988;L360M;0,054576
989;L360L;0,052108
990;L360N;0,062042
991;L360Q;0,035866
992;L360P;-0,52539
993;L360S;-0,025861
994;L360R;0,12974
995;L360T;0,017147
996;L360W;0,061404
997;L360V;0,057281
998;L360Y;0,069356
999;S361A;-0,064033
1000;S361C;-0,020686
1001;S361E;-0,039895
1002;S361D;-0,086903
1003;S361G;-0,0012371
1004;S361F;0,14336
1005;S361I;0,13073
1006;S361H;0,1201
1007;S361K;0,052843
1008;S361M;-0,020866
1009;S361L;0,1408
1010;S361N;0,04958
1011;S361Q;0,052534
1012;S361P;-1,3789
1013;S361S;0,060332
1014;S361R;0,14365
1015;S361T;0,035924
1016;S361W;0,096293
1017;S361V;0,087839
1018;S361Y;0,17327
1019;V362A;0,060142
1020;V362C;0,13142
1021;V362E;-0,43818
1022;V362D;-1,1976
1023;V362G;-0,26703
1024;V362F;-0,31177
1025;V362I;-0,15573
1026;V362H;-0,12922
1027;V362K;-0,48048
1028;V362M;-0,088249
1029;V362L;-0,22468
1030;V362N;-0,42116
1031;V362Q;-0,25747
1032;V362P;-1,2183
1033;V362S;0,036857
1034;V362R;-0,56296
1035;V362T;0,039882
1036;V362W;-0,88374
1037;V362V;0,0045609
1038;V362Y;-0,061066
1039;N363A;-0,025182
1040;N363C;0,077202
1041;N363E;0,13133
1042;N363D;-0,034915
1043;N363G;0,04403
1044;N363F;-0,28018
1045;N363I;-0,19782
1046;N363H;0,044083
1047;N363K;-0,093125
1048;N363M;0,063746
1049;N363L;-0,080241
1050;N363N;0,032393
1051;N363Q;0,10942
1052;N363P;-0,28903
1053;N363S;0,027016
1054;N363R;-0,064726
1055;N363T;-0,021276
1056;N363W;-0,061886
1057;N363V;-0,050408
1058;N363Y;-0,055329
1059;G364A;0,01323
1060;G364C;-0,060531
1061;G364E;0,077445
1062;G364D;0,013441
1063;G364G;0,060218
1064;G364F;0,079604
1065;G364I;-0,064886
1066;G364H;0,12362
1067;G364K;-0,02536
1068;G364M;0,12511
1069;G364L;0,054473
1070;G364N;0,052452
1071;G364Q;0,043829
1072;G364P;-0,33759
1073;G364S;0,006792
1074;G364R;0,077186
1075;G364T;-0,0011678
1076;G364W;0,15141
1077;G364V;-0,0087081
1078;G364Y;0,1961
1079;V365A;0,019983
1080;V365C;0,014546
1081;V365E;0,033753
1082;V365D;-0,041024
1083;V365G;0,067277
1084;V365F;0,15169
1085;V365I;0,12043
1086;V365H;0,057146
1087;V365K;0,014936
1088;V365M;0,088307
1089;V365L;0,11073
1090;V365N;0,0092789
1091;V365Q;0,032637
1092;V365P;-0,36363
1093;V365S;0,061865
1094;V365R;0,093785
1095;V365T;0,073206
1096;V365W;0,052396
1097;V365V;0,062085
1098;V365Y;0,14694
1099;D366A;0,068523
1100;D366C;0,042605
1101;D366E;-0,008087
1102;D366D;-0,12922
1103;D366G;0,070472
1104;D366F;0,0050665
1105;D366I;-0,027366
1106;D366H;0,082955
1107;D366K;-0,0058134
1108;D366M;-0,036783
1109;D366L;-0,0084108
1110;D366N;0,061543
1111;D366Q;0,057146
1112;D366P;0,052169
1113;D366S;0,147
1114;D366R;0,15549
1115;D366T;0,084451
1116;D366W;0,035483
1117;D366V;0,060454
1118;D366Y;0,20062
1119;L367A;-0,11666
1120;L367C;-0,18955
1121;L367E;-0,62781
1122;L367D;-0,73266
1123;L367G;-0,48499
1124;L367F;-0,062126
1125;L367I;-0,078475
1126;L367H;-0,093506
1127;L367K;-0,45291
1128;L367M;-0,13186
1129;L367L;-0,018238
1130;L367N;-0,38852
1131;L367Q;-0,088079
1132;L367P;-0,65713
1133;L367S;-0,21067
1134;L367R;-0,4616
1135;L367T;-0,11071
1136;L367W;-0,55171
1137;L367V;-0,14139
1138;L367Y;-0,052021
1139;R368A;-0,090509
1140;R368C;-0,090578
1141;R368E;-0,056629
1142;R368D;-0,093918
1143;R368G;-0,023097
1144;R368F;-0,073976
1145;R368I;-0,025116
1146;R368H;-0,047501
1147;R368K;0,068862
1148;R368M;-0,13573
1149;R368L;-0,050709
1150;R368N;-0,071723
1151;R368Q;-0,048122
1152;R368P;-0,20969
1153;R368S;-0,073392
1154;R368R;0,079791
1155;R368T;-0,067482
1156;R368W;-0,0021875
1157;R368V;-0,076354
1158;R368Y;-0,083478
1159;N369A;-0,046732
1160;N369C;-0,0087621
1161;N369E;-0,085409
1162;N369D;-0,070427
1163;N369G;-0,037561
1164;N369F;0,030517
1165;N369I;0,07434
1166;N369H;0,005698
1167;N369K;0,02883
1168;N369M;-0,010341
1169;N369L;-0,014545
1170;N369N;-0,044241
1171;N369Q;-0,029083
1172;N369P;-0,056126
1173;N369S;0,025165
1174;N369R;0,0446
1175;N369T;0,017901
1176;N369W;-0,12026
1177;N369V;-0,0053018
1178;N369Y;-0,11089
1179;A370A;0,018059
1180;A370C;0,045617
1181;A370E;0,041842
1182;A370D;-0,15003
1183;A370G;-0,057276
1184;A370F;-0,00096397
1185;A370I;0,028694
1186;A370H;-0,050425
1187;A370K;0,070348
1188;A370M;-0,043793
1189;A370L;0,018448
1190;A370N;-0,061374
1191;A370Q;-0,019066
1192;A370P;-0,069863
1193;A370S;-0,012579
1194;A370R;-0,0014656
1195;A370T;-0,026657
1196;A370W;-0,076041
1197;A370V;-0,029216
1198;A370Y;-0,05781
1199;S371A;0,021787
1200;S371C;0,013029
1201;S371E;0,02293
1202;S371D;-0,035139
1203;S371G;-0,019406
1204;S371F;0,035817
1205;S371I;-0,00084679
1206;S371H;0,0077165
1207;S371K;0,022287
1208;S371M;0,087146
1209;S371L;0,061862
1210;S371N;-0,051918
1211;S371Q;0,064759
1212;S371P;0,066367
1213;S371S;0,0035826
1214;S371R;0,059063
1215;S371T;-0,016919
1216;S371W;-0,01891
1217;S371V;0,048701
1218;S371Y;0,020456
1219;H372A;-1,3442
1220;H372C;-0,97709
1221;H372E;-1,3371
1222;H372D;-1,1459
1223;H372G;-1,3837
1224;H372F;-0,93804
1225;H372I;-0,99965
1226;H372H;-0,12922
1227;H372K;-1,2933
1228;H372M;-1,5952
1229;H372L;-1,0523
1230;H372N;-0,8716
1231;H372Q;-0,55085
1232;H372P;-1,2962
1233;H372S;-1,1586
1234;H372R;-1,0809
1235;H372T;-1,0863
1236;H372W;-1,6892
1237;H372V;-0,76263
1238;H372Y;-0,95013
1239;E373A;-0,23127
1240;E373C;-0,21317
1241;E373E;-0,048901
1242;E373D;-0,0093145
1243;E373G;-0,20298
1244;E373F;-0,40544
1245;E373I;-0,28214
1246;E373H;-0,23164
1247;E373K;-0,37029
1248;E373M;-0,24564
1249;E373L;-0,22334
1250;E373N;-0,11478
1251;E373Q;-0,10117
1252;E373P;-0,47753
1253;E373S;-0,22385
1254;E373R;-0,38038
1255;E373T;-0,20452
1256;E373W;-0,23235
1257;E373V;-0,2184
1258;E373Y;-0,29308
1259;Q374A;0,011212
1260;Q374C;-0,0019062
1261;Q374E;0,067895
1262;Q374D;-0,058411
1263;Q374G;0,0080159
1264;Q374F;0,052768
1265;Q374I;-0,16684
1266;Q374H;0,0036286
1267;Q374K;-0,058031
1268;Q374M;-0,0020173
1269;Q374L;0,037635
1270;Q374N;-0,010238
1271;Q374Q;-0,12922
1272;Q374P;-0,0014649
1273;Q374S;-0,0078868
1274;Q374R;-0,0075957
1275;Q374T;-0,043384
1276;Q374W;-0,0073044
1277;Q374V;-0,014632
1278;Q374Y;-0,059387
1279;A375A;-0,037076
1280;A375C;-0,15037
1281;A375E;-0,89598
1282;A375D;-0,48331
1283;A375G;-0,16449
1284;A375F;-1,1223
1285;A375I;-0,30609
1286;A375H;-0,55872
1287;A375K;-1,3711
1288;A375M;-0,10832
1289;A375L;-0,95549
1290;A375N;-0,67984
1291;A375Q;-0,54552
1292;A375P;-1,1877
1293;A375S;-0,0352
1294;A375R;-1,543
1295;A375T;-0,1977
1296;A375W;-1,1034
1297;A375V;-0,27062
1298;A375Y;-0,12922
1299;A376A;0,038137
1300;A376C;-0,30893
1301;A376E;-0,45619
1302;A376D;-1,115
1303;A376G;-0,18418
1304;A376F;-0,26339
1305;A376I;-0,21624
1306;A376H;-0,35234
1307;A376K;-0,54971
1308;A376M;-0,92014
1309;A376L;-0,71194
1310;A376N;-0,79715
1311;A376Q;-1,1461
1312;A376P;-0,52388
1313;A376S;-0,44728
1314;A376R;-0,52718
1315;A376T;-0,50112
1316;A376W;-0,43619
1317;A376V;0,049697
1318;A376Y;-0,075195
1319;I377A;0,007359
1320;I377C;-0,063203
1321;I377E;0,047927
1322;I377D;0,00082247
1323;I377G;0,022386
1324;I377F;-0,083037
1325;I377I;-0,041178
1326;I377H;0,067298
1327;I377K;-0,13939
1328;I377M;-0,020419
1329;I377L;0,014365
1330;I377N;-0,061043
1331;I377Q;-0,027608
1332;I377P;-0,22524
1333;I377S;0,036674
1334;I377R;0,0071731
1335;I377T;0,030153
1336;I377W;-0,18356
1337;I377V;0,027693
1338;I377Y;0,1216
1339;A378A;0,0044786
1340;A378C;0,017785
1341;A378E;0,040275
1342;A378D;-0,05895
1343;A378G;0,031884
1344;A378F;-0,023679
1345;A378I;0,058166
1346;A378H;0,053464
1347;A378K;0,10289
1348;A378M;0,0098877
1349;A378L;0,057416
1350;A378N;0,089121
1351;A378Q;-0,061122
1352;A378P;-0,30324
1353;A378S;0,015746
1354;A378R;0,021326
1355;A378T;0,060784
1356;A378W;0,0086505
1357;A378V;-0,0064728
1358;A378Y;-0,026928
1359;L379A;-0,26231
1360;L379C;-0,011693
1361;L379E;-1,5057
1362;L379D;-1,2905
1363;L379G;-0,72418
1364;L379F;-0,045056
1365;L379I;-0,060996
1366;L379H;-0,24134
1367;L379K;-1,0861
1368;L379M;-0,14398
1369;L379L;-0,048567
1370;L379N;-0,6484
1371;L379Q;-1,3061
1372;L379P;-1,1481
1373;L379S;-0,51652
1374;L379R;-1,4074
1375;L379T;-0,25617
1376;L379W;-0,97047
1377;L379V;-0,16326
1378;L379Y;-0,53717
1379;K380A;-0,18523
1380;K380C;-0,01769
1381;K380E;-0,32338
1382;K380D;-0,34726
1383;K380G;-0,070106
1384;K380F;0,0060523
1385;K380I;-0,0048026
1386;K380H;-0,024865
1387;K380K;-0,12922
1388;K380M;0,021731
1389;K380L;-0,0064595
1390;K380N;-0,026397
1391;K380Q;-0,070481
1392;K380P;-0,30035
1393;K380S;-0,1042
1394;K380R;0,0057528
1395;K380T;0,0078744
1396;K380W;-0,043455
1397;K380V;0,012564
1398;K380Y;-0,061022
1399;N381A;0,062397
1400;N381C;0,025414
1401;N381E;-0,1314
1402;N381D;-0,034652
1403;N381G;0,034176
1404;N381F;0,022814
1405;N381I;-0,12714
1406;N381H;-0,02208
1407;N381K;0,063972
1408;N381M;-0,045243
1409;N381L;-0,046963
1410;N381N;0,00029186
1411;N381Q;0,0044625
1412;N381P;-0,19564
1413;N381S;0,042073
1414;N381R;-0,063243
1415;N381T;-0,005024
1416;N381W;-0,081649
1417;N381V;-0,073294
1418;N381Y;-0,13737
1419;A382A;0,013129
1420;A382C;0,059446
1421;A382E;-0,0062048
1422;A382D;-0,061381
1423;A382G;0,027198
1424;A382F;-0,16513
1425;A382I;-0,092165
1426;A382H;-0,063933
1427;A382K;-0,032791
1428;A382M;-0,037657
1429;A382L;-0,12768
1430;A382N;-0,014335
1431;A382Q;0,10461
1432;A382P;-0,074214
1433;A382S;0,0528
1434;A382R;-0,071848
1435;A382T;0,045055
1436;A382W;-0,21008
1437;A382V;-0,087925
1438;A382Y;-0,068689
1439;G383A;0,030688
1440;G383C;-0,066245
1441;G383E;-0,011524
1442;G383D;-0,038186
1443;G383G;0,031986
1444;G383F;-0,0046329
1445;G383I;-0,015156
1446;G383H;0,041419
1447;G383K;0,029117
1448;G383M;-0,041827
1449;G383L;-0,018379
1450;G383N;-0,067555
1451;G383Q;0,027743
1452;G383P;-0,01963
1453;G383S;0,010273
1454;G383R;-0,042789
1455;G383T;-0,010493
1456;G383W;0,093248
1457;G383V;0,034765
1458;G383Y;-0,029734
1459;Q384A;0,03479
1460;Q384C;-0,011427
1461;Q384E;-0,069296
1462;Q384D;-0,10528
1463;Q384G;0,0031872
1464;Q384F;0,14894
1465;Q384I;0,095277
1466;Q384H;-0,036029
1467;Q384K;0,026648
1468;Q384M;0,0021134
1469;Q384L;0,056785
1470;Q384N;-0,05264
1471;Q384Q;-0,12922
1472;Q384P;0,048781
1473;Q384S;-0,026967
1474;Q384R;0,015472
1475;Q384T;0,012211
1476;Q384W;0,081072
1477;Q384V;-0,00034317
1478;Q384Y;0,064458
1479;T385A;-0,01498
1480;T385C;0,043927
1481;T385E;-0,087078
1482;T385D;0,017304
1483;T385G;0,019407
1484;T385F;-0,075229
1485;T385I;0,11015
1486;T385H;0,060401
1487;T385K;0,059099
1488;T385M;0,018712
1489;T385L;0,046577
1490;T385N;0,03239
1491;T385Q;0,025669
1492;T385P;0,051762
1493;T385S;0,0053453
1494;T385R;0,16251
1495;T385T;0,01196
1496;T385W;0,035767
1497;T385V;0,10101
1498;T385Y;-0,07201
1499;V386A;0,026759
1500;V386C;-0,042308
1501;V386E;-0,48326
1502;V386D;-0,31836
1503;V386G;-0,024691
1504;V386F;-0,61894
1505;V386I;-0,1622
1506;V386H;-0,047363
1507;V386K;-0,31448
1508;V386M;-0,3442
1509;V386L;-0,24896
1510;V386N;-0,0072648
1511;V386Q;-0,063922
1512;V386P;0,017349
1513;V386S;0,052637
1514;V386R;-0,4318
1515;V386T;0,010175
1516;V386W;-0,5946
1517;V386V;-0,053391
1518;V386Y;-0,229
1519;T387A;0,058962
1520;T387C;0,072422
1521;T387E;-0,042272
1522;T387D;-0,14417
1523;T387G;0,13023
1524;T387F;0,12454
1525;T387I;-0,014164
1526;T387H;0,079895
1527;T387K;0,10653
1528;T387M;0,03321
1529;T387L;0,082396
1530;T387N;0,014632
1531;T387Q;-0,010697
1532;T387P;-0,040762
1533;T387S;0,069941
1534;T387R;0,11451
1535;T387T;0,0046344
1536;T387W;0,056814
1537;T387V;0,053314
1538;T387Y;0,033484
1539;I388A;-0,064163
1540;I388C;0,060377
1541;I388E;-1,3756
1542;I388D;-1,4135
1543;I388G;-0,17059
1544;I388F;0,1506
1545;I388I;-0,12922
1546;I388H;-0,34029
1547;I388K;-0,58399
1548;I388M;-0,046625
1549;I388L;0,015431
1550;I388N;-0,46047
1551;I388Q;-0,27386
1552;I388P;-0,7792
1553;I388S;-0,30321
1554;I388R;-1,4402
1555;I388T;-0,16417
1556;I388W;-0,6468
1557;I388V;-0,017427
1558;I388Y;-0,71962
1559;I389A;0,10465
1560;I389C;0,12402
1561;I389E;-0,11524
1562;I389D;-0,080655
1563;I389G;0,064465
1564;I389F;0,056616
1565;I389I;-0,12922
1566;I389H;0,076772
1567;I389K;0,23991
1568;I389M;0,014811
1569;I389L;0,1272
1570;I389N;0,10603
1571;I389Q;0,11359
1572;I389P;-0,77383
1573;I389S;0,11047
1574;I389R;0,20129
1575;I389T;0,1051
1576;I389W;0,035853
1577;I389V;0,050783
1578;I389Y;0,082009
1579;A390A;0,0084255
1580;A390C;0,024447
1581;A390E;-0,38045
1582;A390D;-0,32867
1583;A390G;0,0094383
1584;A390F;-0,035448
1585;A390I;-0,091147
1586;A390H;-0,11091
1587;A390K;-0,018936
1588;A390M;-0,041978
1589;A390L;0,0062325
1590;A390N;-0,021228
1591;A390Q;-0,29701
1592;A390P;-0,16749
1593;A390S;0,040002
1594;A390R;-0,010949
1595;A390T;0,055121
1596;A390W;-0,39208
1597;A390V;-0,049155
1598;A390Y;-0,11188
1599;Q391A;-0,02727
1600;Q391C;0,04059
1601;Q391E;0,048101
1602;Q391D;0,040852
1603;Q391G;-0,052506
1604;Q391F;0,13988
1605;Q391I;0,15558
1606;Q391H;0,091463
1607;Q391K;-0,070951
1608;Q391M;0,11081
1609;Q391L;0,05759
1610;Q391N;0,14666
1611;Q391Q;-0,12922
1612;Q391P;-0,69177
1613;Q391S;0,027261
1614;Q391R;0,036459
1615;Q391T;0,021623
1616;Q391W;0,1794
1617;Q391V;-0,029726
1618;Q391Y;0,10589
1619;Y392A;-0,0071301
1620;Y392C;-0,048875
1621;Y392E;0,040559
1622;Y392D;-0,048136
1623;Y392G;-0,1318
1624;Y392F;0,069377
1625;Y392I;-0,15557
1626;Y392H;0,067013
1627;Y392K;-0,045391
1628;Y392M;-0,098401
1629;Y392L;0,0056002
1630;Y392N;0,14034
1631;Y392Q;0,10484
1632;Y392P;-0,15433
1633;Y392S;-0,0034559
1634;Y392R;-0,11183
1635;Y392T;-0,028278
1636;Y392W;0,026847
1637;Y392V;-0,16512
1638;Y392Y;-0,067651
1639;K393A;-0,053376
1640;K393C;-0,010123
1641;K393E;0,025071
1642;K393D;-0,014046
1643;K393G;-0,016354
1644;K393F;-0,013008
1645;K393I;-0,113
1646;K393H;-0,02066
1647;K393K;-0,0076966
1648;K393M;-0,043541
1649;K393L;-0,0038422
1650;K393N;0,0098001
1651;K393Q;0,036615
1652;K393P;-0,5641
1653;K393S;0,034271
1654;K393R;0,0040505
1655;K393T;0,0027645
1656;K393W;-0,020886
1657;K393V;-0,070006
1658;K393Y;0,041258
